LOENARTNR,NAVN,Antal,Text1,Antal1,Text2,Antal2,Text3,Antal3,,DECLARE @KundeType INT;,,
1100,Timeløn,1005211,Timeløn,893,Timeløn,664,Timer,37,,DECLARE @SlutDato DATE;,,
9011,Kørselsgodtgørelse,250965,Kørselsgodtgørelse,1135,Kørselsgodtgørelse,733,Mileage Allowance,38,,DECLARE @AnvendtDate DATE;,,
1400,Hensat afspadsering 1:1,128365,Hensat afspadsering 1:1,260,Hensat afspadsering 1:1,138,Hensat afspadsering,26,,DECLARE @ANSLOENOPLTYPE VARCHAR(50);,,
1311,Overtidstillæg 1. og 2. time,96673,Overtidstillæg 1. og 2. time,92,Overtidstillæg 1. og 2. time,51,Overtid 1,19,,SET @KundeType = 0;,,
1531,Ferieberettiget tillæg 1 U/P,90417,Ferieberettiget tillæg 1 U/P,93,Bonus,50,Bonus,28,,SET @SlutDato = '9999-12-31';,,
7951,Timer til ATP & E-indkomst,82184,Timer til ATP & E-indkomst,81,Timer til ATP & E-indkomst,28,Timer til ATP,2,,SET @AnvendtDate = '2024-01-01';,,
1551,Ferieberettiget tillæg 1,74346,Ferieberettiget tillæg 1,80,Bonus,8,Vagttillæg,7,,SET @ANSLOENOPLTYPE = 'VARIABEL';,,
1330,Forskudt tid kl. 17-22,68298,Forskudt tid kl. 18-22,27,Forskudt tid kl. 17-22,14,Aftentillæg,10,,,,
1334,Skiftehold kl. 17-22,64666,Skiftehold kl. 17-22,13,Skifteholdstillæg,9,Skifteholdstillæg,6,,WITH TEXT AS(,,
1331,Forskudt tid kl. 22-06,61995,Forskudt tid kl. 22-06,39,Forskudt tid kl. 22-06,11,Nattillæg,8,,SELECT [LOENARTNR],,
1312,Overtidstillæg 3. og 4. time,61843,Overtidstillæg 3. og 4. time,87,Overtidstillæg 3. og 4. time,45,Overtid 2,19,,",LT.[NAVN]",,
9471,Variabelt fradrag 2,55411,Personalekøb,131,Variabelt fradrag 2,69,Personalekøb,54,,,", count(*) as ANTAL",", count(*) as ANTAL"
9485,Variabelt fradrag T5,54646,Kantine,22,Massage,19,Frokost,19,,FROM [mim].[LOENARTSTEKST] as LT,,
1110,Timeløn timer * sats,53927,Timeløn timer * sats,364,Timeløn timer * sats,62,Timeløn,56,,JOIN [mim].SERVICEBUREAU SB on SB.SERVICEBUREAUNR = LT.SERVICEBUREAUNR,,
1332,Forskudt tid kl. 24-,45488,Forskudt tid kl. 24-,14,Søndagstillæg,11,Søndagstillæg,9,,where SB.KUNDETYPE = 0 and LT.SLUTDATO = @SlutDato,,
1151,Timeafhængigt tillæg 1,38711,Timeafhængigt tillæg 1,14,Anciennitetstillæg,6,Bonus,4,,"group by LOENARTNR, LT.NAVN",,
9100,Udlæg,37828,Udlæg,1045,Udlæg,254,Expenses,43,,"),",,
1335,Skiftehold kl. 22-06,33933,Skiftehold kl. 22-06,16,Nattillæg,5,Nattillæg,3,,TEXT2 AS(,,
1096,Timeløn,30987,Timeløn,17,Timeløn afvikler,2,Timeløn alm.,2,,SELECT [LOENARTNR],,
1141,Timeafhængigt tillæg 2  t * s,29946,Timeafhængigt tillæg 2  t * s,19,Helligdagstillæg,2,"Shift reward, high",2,,",ANS.[NAVN]",,
1313,Overtidstillæg 5. time,29343,Overtidstillæg 5. time,73,Overtidstillæg 5. time,31,Overtid 3,11,,,", count(DISTINCT ANS.SERVICEBUREAUNR) as ANTAL",", count(DISTINCT ANS.SERVICEBUREAUNR) as ANTAL"
1315,Overtidstillæg kl. 18-06,27795,Overtidstillæg kl. 18-06,28,Overtidstillæg kl. 18-06,10,Genetillæg,3,,FROM [mim].[ANSLOENOPLYSNING] as ANS,,
4440,Fritvalgskonto udbetaling,27646,Fritvalgskonto udbetaling,546,Fritvalgskonto udbetaling,343,Fritvalgskonto udb. saldo,10,,JOIN [mim].SERVICEBUREAU SB on SB.SERVICEBUREAUNR = ANS.SERVICEBUREAUNR,,
1105,Timeløn / anciennitet,27200,Timeløn / anciennitet,17,Timeløn,10,Timeløn,7,,where,,
1503,Bonus,26696,Bonus,549,Bonus,224,Bonus 2023,87,,ANVENDT > @AnvendtDate,,
1300,Overarbejde almindelig timeløn,26625,Overarbejde almindelig timeløn,307,Overarbejde almindelig timeløn,101,Extra hours 1:1,35,,and ANSLOENOPLTYPE = @ANSLOENOPLTYPE,,
1301,Overarbejde 50 %,26002,Overarbejde 50 %,294,Overarbejde 50 %,105,Overtime 50%,38,,and SB.KUNDETYPE = 0,,
9472,Variabelt fradrag 3,24607,Variabelt fradrag 3,46,Personalekøb,36,Kantine,23,,"group by LOENARTNR, ANS.NAVN",,
9470,A-conto,24598,A-conto,1080,A-conto,324,Fartbøde,20,,"),",,
1336,Skiftehold lørdag/søndag,23033,Skiftehold lørdag/søndag,25,Skiftehold lørdag/søndag,5,Skiftehold Weekend,4,,CombinedText AS (,,
1445,Tillæg,22667,Tillæg,8,Anciennitetstillæg,2,Tillæg,2,,SELECT * FROM TEXT,,
1371,Tillæg 1 med sats i tabel,22244,Tillæg 1 med sats i tabel,9,Nattillæg,5,Tilkald,3,,UNION ALL,,
4520,SH-godtgørelse med saldotjek,20786,SH-godtgørelse med saldotjek,51,SH-godtgørelse med saldotjek,16,SH Udbetaling,4,,SELECT * FROM TEXT2,,
43300,Timeløn,20478,Afspadsering DI,1,Afspadsering Linak,1,Normal tid 7/2-24,1,,"),",,
1410,Afspadsering udbetalt,20243,Afspadsering udbetalt,287,Afspadsering udbetalt,157,Udbetalt afspadsering,6,,Counters AS(,,
40093,System: Flyt af feriekortsaldo,20130,System: Flyt af feriekortsaldo,172,NULL,NULL,NULL,NULL,,SELECT,,
1446,Tillæg,19867,Tillæg,8,Offshore Overtid tillæg,2,Skur 1 tillæg,2,,ANS.[LOENARTNR],,
1090,Timeløn,19815,Timeløn,9,Timeløn,3,Kursustid,2,,,", count(*) as Antal",", count(*) as Antal"
1541,Ferieberettiget tillæg A tabel,18830,Ferieberettiget tillæg A tabel,3,Vagttillæg,3,Tillæg ved kørsel,2,,FROM [mim].[ANSLOENOPLYSNING] as ANS,,
1774,Skifteholdstillæg pct 3,18425,Shift Pay (30%),2,Skifteholdstillæg 90%,1,Shift Pay (30%),1,,JOIN [mim].SERVICEBUREAU SB on SB.SERVICEBUREAUNR = ANS.SERVICEBUREAUNR,,
1370,Tillæg 1.0 med sats i tabel,17697,Udetillæg,5,Tillæg 1.0 med sats i tabel,5,Nattillæg,4,,where,,
3801,Feriefritimer,16815,Feriefritimer,323,Feriefritimer,176,Feriefritimer tildeling,19,,ANVENDT > @AnvendtDate,,
1302,Overarbejde 100 %,16199,Overarbejde 100 %,275,Overarbejde 100 %,96,Overtime 100%,38,,and ANSLOENOPLTYPE = @ANSLOENOPLTYPE,,
1116,Timeløn,15909,Timeløn,16,Kursus,6,Kursus,4,,and SB.KUNDETYPE = 0,,
9460,Kostdage,15738,Kostdage,20,Kostdage,10,Kostbetaling,2,,group by LOENARTNR,,
1360,Tillæg 1 timer * sats,15621,Tillæg 1 timer * sats,48,Aftentillæg,5,Tillæg 1 timer * sats,4,,"),",,
1126,Timeafhængigt tillæg 2  t * s,15267,Timeafhængigt tillæg 2  t * s,5,Shift of team reward,2,Holdskiftedusør,2,,RankedDescriptions AS(,,
1405,Afspadsering afholdt,14910,Afspadsering afholdt,222,Afspadsering afholdt,98,Afholdt afspadsering,9,,SELECT,,
1153,Timeafhængigt tillæg 2,14654,Timeafhængigt tillæg 2,10,Mødetillæg,3,Holdtillæg,2,,,"LOENARTNR,","LOENARTNR,"
9465,Kantine,14262,Kantine,36,Kantine,22,"Kantine, variabelt beløb",5,,,"NAVN,","NAVN,"
1458,Tillæg,14030,Overmontørtillæg,2,Tillæg,2,2803 154714 Overmontørtillæg,1,,,"Antal,","Antal,"
1448,Tillæg,13938,Tillæg,5,Mødetillæg chauffører,2,Vagtændring,2,,,ROW_NUMBER() OVER (PARTITION BY LOENARTNR ORDER BY Antal desc) as RowNum,ROW_NUMBER() OVER (PARTITION BY LOENARTNR ORDER BY Antal desc) as RowNum
1157,Timeafhængigt tillæg 4,13834,Timeafhængigt tillæg 4,4,Mødetillæg,3,Rådighedsvagt weekend,2,,FROM CombinedText,,
3800,Feriefridage,13239,Feriefridage,570,Feriefridage,315,Feriefridage tildeling,27,,),,
1097,Timeløn,12853,Timeløn,11,Timeløn,3,Timer udlån Køk/kontor/Madhus,2,,SELECT,,
9474,Variabelt fradrag 5,12503,Variabelt fradrag 5,27,Varekøb,6,Privatkøb,6,,"c1.[LOENARTNR],",,
1457,Tillæg,12494,Tillæg,3,Smudstillæg,2,2802 725376 Smudstillæg,1,,,"LART.NAVN,","LART.NAVN,"
3401,Aftalefridage saldo i timer,12433,Aftalefridage saldo i timer,13,Seniortimer,5,Seniortimer saldo,2,,,"c1.Antal,","c1.Antal,"
1314,Overtidstillæg kl. 06-18,12305,Overtidstillæg kl. 06-18,28,Overtidstillæg kl. 06-18,7,Overtid 4,6,,"MAX(CASE WHEN rd.RowNum = 1 THEN rd.NAVN ELSE NULL END) AS Text1,",,
1450,Tillæg,11333,Tillæg,6,Kval.tillæg CR faste afløsere,2,Offshore nattillæg,2,,,"MAX(CASE WHEN rd.RowNum = 1 THEN rd.Antal ELSE NULL END) AS Antal1,","MAX(CASE WHEN rd.RowNum = 1 THEN rd.Antal ELSE NULL END) AS Antal1,"
1001,Månedsløn regulering,11214,Månedsløn regulering,661,Månedsløn regulering,119,Salary adjustment,21,,"MAX(CASE WHEN rd.RowNum = 2 THEN rd.NAVN ELSE NULL END) AS Text2,",,
1098,Timeløn,10932,Timeløn,6,Timeløn DBP,2,Timeløn,2,,,"MAX(CASE WHEN rd.RowNum = 2 THEN rd.Antal ELSE NULL END) AS Antal2,","MAX(CASE WHEN rd.RowNum = 2 THEN rd.Antal ELSE NULL END) AS Antal2,"
1364,Tillæg 5 timer * sats,10642,Tillæg 5 timer * sats,12,"On-site, Sundays",2,"On-site, søndage",2,,"MAX(CASE WHEN rd.RowNum = 3 THEN rd.NAVN ELSE NULL END) AS Text3,",,
9020,Diæter,10113,Diæter,324,Diæter,120,Diæter uge 4,7,,,MAX(CASE WHEN rd.RowNum = 3 THEN rd.Antal ELSE NULL END) AS Antal3,MAX(CASE WHEN rd.RowNum = 3 THEN rd.Antal ELSE NULL END) AS Antal3
1316,Overtidstillæg kl. 06-18 frid.,9922,Overtidstillæg kl. 06-18 frid.,31,Overtidstillæg kl. 06-18 frid.,9,Overtidstill.forud for norm.a,2,,FROM Counters c1,,
1459,Tillæg,9797,Tillæg,2,Weekend servicearbejde,2,Weekend servicearbejde,2,,LEFT JOIN RankedDescriptions rd ON c1.[LOENARTNR] = rd.[LOENARTNR] AND rd.RowNum <= 3,,
1319,Overtidstillæg kl. 12-06 søn.,9748,Overtidstillæg kl. 12-06 søn.,34,Overtidstillæg kl. 12-06 søn.,7,Overtidstillæg søndag,3,,LEFT JOIN SalaryConfig.dbo.LOENART LART ON c1.LOENARTNR = LART.LOENARTNR and LART.SetupID = 'M5PSTAND',,
1099,Timeløn,9629,Timeløn,11,Timeløn,3,Sygeløn,2,,"GROUP BY c1.[LOENARTNR], LART.NAVN, c1.Antal",,
1318,Overtidstillæg kl. 06-12 søn.,9612,Overtidstillæg kl. 06-12 søn.,38,Overtidstillæg kl. 06-12 søn.,8,Søndagstillæg,7,,ORDER BY c1.Antal desc,,
1700,Overarbejde timeløn,9096,Overarbejde timeløn,15,Sygdom uden løn,2,Flex over max,2,,,,
1452,Tillæg,8953,Tillæg,4,Overtidstillæg 0 - 3 time,2,Personligt tillæg,2,,,,
1447,Tillæg,8946,Tillæg,5,Opstart på opgave,2,Bonus tillæg,2,,,,
1181,"Tillæg A, ej ferieberettiget",8834,"Tillæg A, ej ferieberettiget",219,Bonus,56,Bonus,41,,,,
4485,Fritvalgskonto udbetaling,8798,Fritvalgskonto udbetaling,265,Fritvalgskonto udbetaling,118,Fritvalgskonto udb. beløb,6,,,,
1372,Tillæg 2.0 med sats i tabel,8783,Tillæg 2.0 med sats i tabel,6,Montage Tillæg,2,Telefonvagt,2,,,,
1140,Timeafhængigt tillæg 1  t * s,8705,Timeafhængigt tillæg 1  t * s,42,Bonus,3,Mødetillæg,3,,,,
1501,Provision,8643,Provision,130,Provision,37,Bonus,32,,,,
9101,Udb. efter skat 1,8631,Udb. efter skat 1,47,Udlæg,9,Udlæg,5,,,,
1375,Tillæg 3 med sats i tabel,8619,Tillæg 3 med sats i tabel,6,Vasketillæg,2,Vagtillæg uge 13,2,,,,
1286,Genebetaling % timeløn 1286,8549,Nattillæg kl. 23-06,1,Nattillæg ret tidl. løn,1,Nattillæg kl. 23-06Mikkel Lund,1,,,,
11404,Hensat afspadsering,8417,Hensat afspadsering,5,Hensat afspadsering,3,0901 Opsparet afspadsering,1,,,,
1561,Ferieberettiget tillæg A,8357,Ferieberettiget tillæg A,67,BONUS,41,Provision,26,,,,
1320,Overarbejde almindelig timeløn,8289,Overarbejde almindelig timeløn,18,Overarbejde almindelig timeløn,4,Overtid 1,2,,,,
1401,"Hensat afspadsering 1 (1,5)",8238,"Hensat afspadsering 1:1,5",59,"Hensat afspadsering 1 (1,5)",23,"Hensat afspadsering 1:1,5",21,,,,
1310,Overarbejde varsling,8192,Overarbejde varsling,26,Overarbejde varsling,9,Overtid,5,,,,
1176,"Tillæg D, ej ferieberettiget",8180,Bonus,6,Tillæg,2,"Kosttillæg (kr 1,- pr time)",2,,,,
1365,Overtidstillæg 1,8136,Overarbejde søn/hellig 06-12,2,Overtid 06-18,1,Forskudt Skiftedag,1,,,,
4415,Fritvalgskonto opsparing,7862,Fritvalgskonto opsparing,385,Fritvalgskonto opsparing,67,Fritvalgssaldo,12,,,,
43100,Timeløn,7678,Reg VOK Normalt.,1,Normal tid,1,Syg med løn vikarOK,1,,,,
1115,Timeløn,7608,Timeløn,35,Timeløn,4,Kursus,4,,,,
1374,Tillæg 3.0 med sats i tabel,7521,Tillæg 3.0 med sats i tabel,7,Lørdagstillæg 06.00-18.00,2,Kolonitillæg,2,,,,
9473,Variabelt fradrag 4,7398,Variabelt fradrag 4,32,Personalekøb,16,Kantine,12,,,,
9486,Variabelt fradrag T6,7191,Massage,8,Frokost,6,Frokost,4,,,,
42100,Timeløn,7046,Normal 13/3,1,Syg med løn (HK),1,Normal 14/3,1,,,,
1373,Tillæg 2 med sats i tabel,6989,Tillæg 2 med sats i tabel,5,Kosttillæg,4,Genetillæg,3,,,,
1285,Genebetaling % timeløn 1285,6716,Aftentillæg ret tidl. løn,1,Tillæg alle dage 17-06,1,Lørdagstillæg,1,,,,
1451,Tillæg,6567,Tillæg,4,Overtidstillæg over 3 timer,2,Mødetillæg,2,,,,
9475,Variabelt fradrag 6,6534,Variabelt fradrag 6,30,Personalekøb,6,Kantine,5,,,,
8835,Værdi af fri TV-licens,6529,Værdi af fri TV-licens,18,Værdi af fri Spotify (2/2-24),1,Værdi fri TV - januar,1,,,,
1306,Overarbejde 50 % Funktionær,6440,Overarbejde 50 % Funktionær,57,Overarbejde 50 %,13,Overarbejde 50 % Funktionær,12,,,,
1775,Skifteholdstillæg pct 4,6400,Shift Pay (50%),2,Skifteholdstillæg 100%,1,Skifteholdstillæg 100%,1,,,,
1361,Tillæg 2 timer * sats,6232,Tillæg 2 timer * sats,13,Søndagstillæg,2,"Hjemmevagt tillæg, hverdage",2,,,,
9104,Udb. efter skat 4,6204,Udb. efter skat 4,8,Entertainment,3,Abonnementer,2,,,,
1504,Overskudsdeling,6136,Bonus,25,Overskudsdeling,17,Bonus,10,,,,
4510,SH-godtgørelse uden saldotjek,6117,SH-godtgørelse uden saldotjek,39,SH-godtgørelse uden saldotjek,11,SH-godtgørelse,7,,,,
1377,Tillæg 4 med sats i tabel,5996,Tillæg 4 med sats i tabel,5,Tilkald chauffør under 2 døgn,2,Nattillæg,2,,,,
1543,Ferieberettiget tillæg B tabel,5663,Ferieberettiget tillæg B tabel,3,Udkaldstillæg,2,Weekly duty LK Commercial,2,,,,
1171,"Tillæg A, ej ferieberettiget",5590,"Tillæg A, ej ferieberettiget",187,BONUS,42,Bonus,25,,,,
1362,Tillæg 3 timer * sats,5566,Tillæg 3 timer * sats,12,"Hjemmevagt tillæg, weekend",2,On-call duty - weekends,2,,,,
1307,Overarbejde 100 % funktionær,5538,Overarbejde 100 % funktionær,49,Overarbejde 100 % funktionær,13,Overarbejde 100 %,12,,,,
1776,Skifteholdstillæg pct 5,5499,Shift Pay (80%),2,Week/Hell 16-23.59,1,Rådighedsvagt 12 & 16,1,,,,
40115,Korrektion rest feriedage,5262,Korrektion rest feriedage,220,Korr. rest feriedage og penge,195,Korr. optj. feriedage og penge,2,,,,
1155,Timeafhængigt tillæg 3,5234,Søndagstillæg,3,1 assistent tillæg,2,Vedligehold tillæg,2,,,,
1455,Tillæg,5126,Tillæg,6,Masketillæg,2,OT til afsp. hensættelse,2,,,,
1317,Overtidstillæg kl. 18-06 frid.,4861,Overtidstillæg kl. 18-06 frid.,29,Overtidstillæg kl. 18-06 frid.,6,Lørdagstillæg,3,,,,
1341,Tillæg 1 beløb,4824,Tillæg 1 beløb,61,Tillæg,7,Vagttillæg,5,,,,
1122,Timeløn regulering,4604,Timeløn regulering,189,Timeløn regulering,15,Timeløn,5,,,,
1563,Ferieberettiget tillæg B,4602,Ferieberettiget tillæg B,19,Bonus,18,Bonus 2023,8,,,,
1106,Timeløn / Input,4567,Timeløn,2,Timeløn,2,Timeløn / Input,2,,,,
10036,Lønart pct. af månedsløn,4527,Lønart pct. af månedsløn,1,NULL,NULL,NULL,NULL,,,,
10038,Lønart pct. af månedsløn,4527,Lønart pct. af månedsløn,1,NULL,NULL,NULL,NULL,,,,
9478,Variabelt fradrag 9,4475,Variabelt fradrag 9,9,Frokost,3,Internet,3,,,,
6510,Fritvalgskonto udbetaling,4462,Fritvalgskonto udbetaling,23,Fritvalgskonto udbetaling,10,Feriefri,2,,,,
1545,Ferieberettiget tillæg C tabel,4410,Ferieberettiget tillæg C tabel,3,Koordinator tillæg,2,Weekly duty LK Fleet,2,,,,
4483,Fritvalgskonto udbetaling,3984,Fritvalgskonto udbetaling,144,Fritvalgskonto udbetaling,56,SH,3,,,,
4545,SH-beløb udbetaling,3913,SH-beløb udbetaling,111,SH-beløb udbetaling,35,SH Udbetaling,3,,,,
1428,Afspadsering udbetalt,3853,Afspadsering udbetalt,15,Afspadsering udbetalt,10,Afholdt afspadsering,2,,,,
1303,Overarbejde timer * sats,3651,Overarbejde timer * sats,213,Overarbejde,26,Overarbejde timer * sats,25,,,,
1553,Ferieberettiget tillæg 2,3599,Ferieberettiget tillæg 2,16,Vagttillæg,3,Sygebonus,3,,,,
1760,Vagttillæg antal,3587,Vagttillæg,7,Vagttillæg,4,Genetillæg atypisk rengøring,2,,,,
9012,Antal km til lav sats,3466,Antal km til lav sats,98,Mileage allowance,41,Antal km til lav sats,12,,,,
1555,Ferieberettiget tillæg 3,3447,Ferieberettiget tillæg 3,8,LTIP Bonus,4,Tillæg,3,,,,
9010,Antal km til lav sats,3381,Antal km til lav sats,84,Kørselsgodtgørelse,16,Antal km til lav sats,15,,,,
9035,25 % rejsegodtgørelse,3340,25 % rejsegodtgørelse,21,25 % rejsegodtgørelse,8,Skattefri rejsegodtgørelse,3,,,,
1460,Tillæg,3276,Tillæg,3,Hverdage 18-24,1,Forlænget tur 08/04-22/04,1,,,,
7510,Korr. St. Bededagskomp,3237,Korr. St. Bededagskomp,65,Korr. St. Bededagskomp,37,Korr. St. Bededagskomp jan+feb,5,,,,
9103,Udb. efter skat 3,3215,Udb. efter skat 3,10,Lægeerklæring,3,Udlæg,3,,,,
9017,Kørselsgodtgørelse (kun indb.),3176,Kørselsgodtgørelse (kun indb.),17,Kørselsgodtgørelse (kun indb.),9,Kørselsgodtgørelse,2,,,,
1355,Overtidstillæg pct. 3,3152,Overtidstillæg pct. 3,6,Afspadsering uden løn,2,Overtidstillæg pct. 3,2,,,,
1376,Tillæg 4.0 med sats i tabel,3152,Tillæg 4.0 med sats i tabel,9,Aftentillæg,2,Weekendtillæg,2,,,,
43140,Skifteholdstillæg 1,3110,Skift  Hv.dage 18-06,1,Holddrift 18-06,1,NULL,NULL,,,,
1772,Skifteholdstillæg pct 1,3106,Weekend hours Supervisor (25%),2,Hverd. man-fre 8-15.59,1,"Overarbejde udb. 43,5%",1,,,,
1117,Timeløn,3077,Timeløn,10,Timeløn,2,Træk i løn ved feriefritimer,1,,,,
1114,Timeløn,3069,Timeløn,10,Timeløn,3,Kursus,3,,,,
9031,Rejsegodtgørelse i DK,3011,Rejsegodtgørelse i DK,115,Rejsegodtgørelse i DK,24,Rejsegodtgørelse,12,,,,
1470,Ydelse 1,2997,Ydelse 1,7,Provision '24,2,Recognition points,2,,,,
9102,Udb. efter skat 2,2937,Udb. efter skat 2,13,Lægeerklæring,4,Udlæg,3,,,,
1539,Ferieberettiget tillæg E tabel,2899,Vasketillæg sættevogn,2,Køretidsbetaling,2,Ferieberettiget tillæg E tabel,1,,,,
9479,Variabelt fradrag 10,2874,Variabelt fradrag 10,22,Kantine,3,Applause points,3,,,,
6455,AM-pension orlov/forhøjet,2874,AM-pension orlov/forhøjet,173,AM-pension orlov/forhøjet,30,AM-Pension,20,,,,
2920,Kørselsgodtgørelse,2865,Kørselsgodtgørelse,6,Kørselsgodtgørelse,2,Skattepl. kørselsgodtgørelse,1,,,,
1770,Skifteholdstillæg antal,2850,Skifteholdstillæg antal,3,Døgnskifttillæg kl. 03,2,Vagttillæg,2,,,,
1011,Personligt tillæg regulering,2822,Personligt tillæg regulering,145,Personligt tillæg,11,Personligt tillæg regulering,5,,,,
1380,Overtidstillæg pct. 1,2804,Overtidstillæg pct. 1,4,Afspadsering udbetalt,3,Overarbejde incl. tillæg,2,,,,
1381,Overtidstillæg pct. 2,2780,Overtidstillæg pct. 2,5,80% pay,2,Alenekørsel tillæg 35%,2,,,,
1778,Skifteholdstillæg pct 7,2747,Shift Pay (130%),2,Weekendtillæg 300%,1,Pålagt nattevagt 00-06,1,,,,
1402,"Hensat afspadsering 2 (2,0)",2676,Hensat afspadsering 1:2,50,"Hensat afspadsering 2 (2,0)",20,Hensat afspadsering 1:2,17,,,,
9025,Diæter,2663,Diæter,42,Diæter,9,Diæter dage,2,,,,
9476,Variabelt fradrag 7,2605,Variabelt fradrag 7,17,Massage,4,Travel Advance Recovery,2,,,,
1125,Timeafhængigt tillæg 1  t * s,2589,Timeafhængigt tillæg 1  t * s,39,"Extra hours, normal",2,"Extra hours, normal",2,,,,
1605,B-indkomst m/AM-bidrag,2578,B-indkomst m/AM-bidrag,177,B-indkomst m/AM-bidrag,27,Honorar,19,,,,
1288,Genebetaling % timeløn 1288,2525,Søndagstillæg Jens Mulvad,1,Søndagstillæg ret tidl. løn,1,"Søndagstillæg, ret tidl. løn",1,,,,
1750,Overarbejde Timeløn+tillæg 1,2439,Overarbejde 1-2 klokketime,1,"Overtid, time + tillæg udbet.",1,"Overtid, time + tillæg udbet.",1,,,,
1159,Timeafhængigt tillæg 5,2411,Timeafhængigt tillæg 5,2,Anciennitetstillæg efter 6 mdr,2,Arbejdsmiljø tillæg,2,,,,
1356,Overtidstillæg pct. 4,2347,Søndagstillæg,2,Overtid 50% 50/50 2024.02.05,1,Søn- og helligdagstimer,1,,,,
1449,Tillæg,2293,Tillæg,6,Weekendtillæg,2,"Overarbejde timeløn, Total",2,,,,
3094,Skattepligtig kørselsgodtg.,2266,Skattepligtig kørselsgodtg.,16,Skattepligtig kørselsgodtg.,6,Kørselsgodtgørelse Februar,1,,,,
41327,Overarbejde 50 %,2208,Overtidstillæg 50%,1,Søn- og Helligdagstillæg,1,Ekstra timer 1/3,1,,,,
7555,Barsel grl. st. bededag tillæg,2187,Barsel grl. st. bededag tillæg,195,Barsel grl. st. bededag tillæg,38,grl. st. bededag tillæg,8,,,,
8190,Skattedage i perioden,2134,Skattedage i perioden,1084,Skattedage i perioden,63,Rettelse af skattedage,2,,,,
9488,Variabelt fradrag T8,2133,Variabelt fradrag T8,3,Morgenmad,2,Mælk,1,,,,
1088,Timeløn timer * sats,2132,Timer Lager,1,Timer Lager april,1,Fugttekniker,1,,,,
41404,Hensat afspadsering/træk,2108,Hensat afspadsering/træk,4,Hensat til afspadsering/træk,1,"Hensat afspadsering/træk, jan",1,,,,
1603,Bestyrelseshonorar,2105,Bestyrelseshonorar,356,bestyrelseshonorar,103,Board fee,8,,,,
40100,Indlæs Ferie dage tidl. år,2093,Indlæs Ferie dage tidl. år,86,Indlæs Ferie timer tidl. år,1,Nulstil. Ferie 2021,1,,,,
43323,Personligt tillæg,2075,Personligt tillæg,1,Produktivitetstill.,1,Reg DI tillæg,1,,,,
43330,Forskudt tidstillæg 1,2072,Forskudt 18-22,1,FS hv.dag 18-22,1,FS ml. 18-06,1,,,,
6465,Pension orlov/forhøjet,2062,Pension orlov/forhøjet,151,Pension,69,"AM-contribution, adjustment",30,,,,
43331,Forskudt tidstillæg 2,2020,FS hv.dag 22-06,1,Forskudt tid 22-06,1,FS HV 22-06,1,,,,
40076,Nulstil feriesaldi,2013,Nulstil feriesaldi,131,Nulstil feriesaldi,2,Nulstil ferie,1,,,,
4546,SH-beløb udbt. m/saldo tjek,2009,SH-beløb udbt. m/saldo tjek,7,Udbetalt SH,2,SH-betaling,1,,,,
4760,"Udbetaling feriedage, Primo",1999,"Udbetaling feriedage, Primo",235,"Udbetaling feriedage, Primo",58,Udbetaling feriedage,28,,,,
40105,Korr. optj. feriedage og penge,1982,Korr. optj. feriedage og penge,174,Korr feriedage+penge TIDL år,17,Korr feriedage+penge TIDL år,6,,,,
41014,Saldo Feriepenge,1943,Saldo Feriepenge,84,Feriepenge 22/23,3,Feriepenge 23/24,2,,,,
41011,Saldo Feriedage,1904,Saldo Feriedage,86,Feriedage 23/24,2,Ferie 2022,1,,,,
1557,Ferieberettiget tillæg 4,1844,Ferieberettiget tillæg 4,8,Special recognition bonus,4,Malertillæg,2,,,,
3805,Feriefribeløb ændring,1780,Feriefribeløb ændring,265,Feriefribeløb ændring,91,Feriefribeløb/saldo,3,,,,
1118,Timeløn,1734,Timeløn,9,Timeløn,2,"Egen sygdom, træk i løn",1,,,,
1710,Overtidstillæg pct 1,1730,Overtidstillæg pct 1,3,Overtime Extra Pay (30%),2,Suppl. weekday 18-24,2,,,,
1385,Overtidstillæg pct. 1 timeløn,1723,Overtidstillæg pct. 1 timeløn,4,Rettelse januar løn,1,Overtidstillæg 40 pct.,1,,,,
1379,Tillæg 5 med sats i tabel,1712,Tillæg 5 med sats i tabel,3,Forskudttidstillæg 19-21,2,Nattillæg,2,,,,
9022,Diæter,1705,Diæter,6,Diæter,4,Lommepenge godtgørelse,2,,,,
11427,Afspadsering afholdt,1698,Afspadsering afholdt,3,Afspadsering afholdt,1,Afholdte afspadseringstimer (t,1,,,,
9625,Forening 9,1669,Forening 9,2,Faktura,1,Vinklub maj,1,,,,
1328,Forskudt tid 50 %,1662,Forskudt tid 50 %,7,Forskudttid uvarslet 50%,1,Tillæg SH-Timer 50%,1,,,,
1144,Timeafhængigt tillæg 5  t * s,1640,Timeafhængigt tillæg 5  t * s,11,DA Saturday Shift 100%,4,Anciennitetstillæg,2,,,,
1363,Tillæg 4 timer * sats,1612,Tillæg 4 timer * sats,8,"On-site, lørdage",2,"On-site, Saturdays",2,,,,
1119,Timeløn,1600,Timeløn,9,Timeløn,3,Kursus,2,,,,
40020,Saldo Ferietillæg,1545,Saldo Ferietillæg,74,Ferietillæg 2023,1,Saldo pr. 31.03.2024,1,,,,
3300,Omsorgsdagssaldo i dage,1540,Omsorgsdagssaldo i dage,78,Omsorgsdagssaldo i dage,24,Omsorgsdage tildeling,5,,,,
11521,Forskudttidstillæg B,1527,Rådighedsvagt SH 24-03,1,Forskudttidstillæg 1,1,Rådighedsvagt SH 24-04,1,,,,
99,Antal arbejdstimer i perioden,1523,Antal arbejdstimer i perioden,57,Antal arbejdstimer i perioden,6,Afholdt ferie,3,,,,
1453,Tillæg,1516,Beredskabsvagt pr. døgn,2,Tillæg,2,Faktureringstillæg,1,,,,
1287,Genebetaling % timeløn 1287,1511,"Lørdagstillæg, ret tidl. løn",1,Lørdagstillæg,1,Lørdagstillæg,1,,,,
1367,Overtidstillæg 3,1509,Ekstra vagt - Elev - over 10 t,1,Tillæg overtid 37-42 timer,1,Overarb.tillæg søndag 06-12,1,,,,
4540,SH-restsaldo udbetaling,1500,SH-restsaldo udbetaling,95,SH-restsaldo udbetaling,32,Løntillæg udbetalt,2,,,,
2910,Lønsikring 1,1493,Konkurrenceklausul,3,Konkurrenceklausul,3,Engangsbeløb 3 mdr.,2,,,,
3400,Aftalefridage saldo i dage,1491,Aftalefridage saldo i dage,73,Aftalefridage saldo i dage,26,Seniordage,18,,,,
7950,Timer til ATP,1472,Timer til ATP,112,Timer til ATP,10,Reg. af timer til ATP,2,,,,
9487,Variabelt fradrag T7,1457,Variabelt fradrag T7,2,Drikkevarer juice Taastrup,1,Fysio. Rikke Høpfner,1,,,,
9747,Sundhedsordning,1456,Sundhedsordning,3,"Correction Health insurance, c",2,"Reguler Helbredsforsikring, fi",2,,,,
7952,Timer til E-indkomst,1439,Timer til E-indkomst,28,Timer til E-indkomst,5,Timer til E-indkomst marts,1,,,,
43150,Overarbejde 1,1438,OT 1.-2. time,1,Reg VOK OT 50%,1,OT 1. - 3. time,1,,,,
7525,Udbt. St. Kompensation ad-hoc,1431,Udbt. St. Kompensation ad-hoc,29,Udbt. St. Kompensation ad-hoc,9,Udbt. St. Kompensation,6,,,,
1343,Tillæg 2 beløb,1427,Tillæg 2 beløb,16,"Andet tillæg, pensionsberettig",2,Regulering,2,,,,
1565,Ferieberettiget tillæg C,1425,Ferieberettiget tillæg C,15,Provision,4,Vagttillæg,4,,,,
5500,Jubilæumsgratiale,1408,Jubilæum/fratræd. godtgørelse,821,Jubilæumsgratiale,230,Jubilæumsgratiale,86,,,,
11428,Afspadsering udbetalt,1390,Afspadsering udbetalt,2,Udbetaling af afspadsering,1,Afspads. udbet. dog max saldo,1,,,,
1390,Overtidstillæg pct. 1a timeløn,1373,Overtidstillæg pct. 1a timeløn,3,"Timeløn transport,BRF15415-703",1,"Aftentillæg 17-23, 16/11",1,,,,
2900,Ledighedsdage,1363,Ledighedsdage,795,Ledighedsdage,277,G-dage,67,,,,
4541,SH-restsaldo udbet.m/saldotjek,1359,SH-restsaldo udbet.m/saldotjek,119,SH-restsaldo udbet.m/saldotjek,32,SH-restsaldo udbetaling,3,,,,
11370,Overtidstillæg pct. A,1344,Overtime 50%,1,Overtid 50%,1,Frihed uden løn,1,,,,
1160,"Tillæg 1, ej ferieberettiget",1338,"Tillæg 1, ej ferieberettiget",71,Timeløn,6,Ej ferieberettiget løn,3,,,,
3943,Særlige dage tildeling,1304,Særlige dage tildeling,74,Særlige dage tildeling,32,særlige dage,2,,,,
40122,Korr Feriekortsaldi (ej eIndk),1303,Korr Feriekortsaldi (ej eIndk),64,Korr Feriekortsaldi (ej eIndk),1,Feriekort saldi,1,,,,
1533,Ferieberettiget tillæg 2 U/P,1287,Ferieberettiget tillæg 2 U/P,20,Bonus,9,Applause points,3,,,,
9018,Diæter (kun indb.),1283,Diæter (kun indb.),7,Diæter (kun indb.),4,Diæter,1,,,,
3822,Udbetal feriefritimer,1283,Udbetal feriefritimer,217,Udbetal feriefritimer,113,Udbetaling af FerieFriTimer,3,,,,
1840,Ops. flextimer,1276,Ops. flextimer,3,Flextimer,1,Flex opsparing,1,,,,
9023,Diæter,1223,Diæter,3,Logiudgifter,2,Diæter døgn,2,,,,
1408,"Hensat afspadsering 1 (1,75)",1218,Flex 1:1 hensættes,2,"Rådighedsvagt hensat 0,33",1,"Overtid afspads 1:1,75",1,,,,
33812,Udbetal feriefritimer,1200,Afholdte feriefritimer,1,"Afholdte feriefritimer, Funk.",1,Afholdte FF - reg. apr.,1,,,,
9013,Kørselsgodtgørelse regulering,1193,Kørselsgodtgørelse regulering,153,Mileage allowance,41,Kørselsgodtgørelse,24,,,,
1095,Timeløn,1193,Timeløn,5,Timeløn,4,kho15042411,1,,,,
44533,Forskudt tidstillæg 4,1168,Eventtillæg 06/01,1,Eventtillæg,1,Eventtillæg,1,,,,
3166,Personalegoder (felt 55),1166,Personalegoder (felt 55),59,"Personalegode, øvrige",25,Personalegoder,8,,,,
1462,Tillæg,1160,Vagttillæg weekend,2,Tillæg,2,Formandstillæg,2,,,,
9347,Gruppeliv efter skat,1160,"Reguler Gruppeliv, firmaandel",2,"Correction Group life, company",2,Sundhedsforsikring Firma,1,,,,
1094,Timeløn,1159,Timeløn,3,Timeløn,2,Timeløn eksamensvagt,1,,,,
1454,Tillæg,1157,Tillæg,4,"Zoner 1, 2, 3",2,Beredskabsudk. pr time hverdag,2,,,,
402,Overfører fritvalgskonto år-1,1156,Overfører fritvalgskonto år-1,292,Overfører saldi fra år-1,247,Overfører saldi fra år-1,25,,,,
11371,Overtidstillæg pct. B,1138,Overarbejde 100%,1,Manglende bet. kl. 23-06 100%,1,Overarbejde 100%,1,,,,
1559,Ferieberettiget tillæg 5,1120,Ferieberettiget tillæg 5,12,Bonus,3,Team Lead Allowance,2,,,,
1111,Timeløn timer * sats,1113,Timeløn timer * sats,16,Timeløn,3,Kursus,2,,,,
590,Saldokorr.  feriebert.løn år,1111,Saldokorr.  feriebert.løn år,80,Saldokorr.  feriebert.løn år,3,Saldokorr. feriebe vedr ff udb,1,,,,
1378,Tillæg 5.0 med sats i tabel,1108,Tillæg 5.0 med sats i tabel,3,Lørdagstillæg 18.00-24.00,2,Søndagstillæg,2,,,,
1742,Retræteordning regulering,1107,Retræteordning regulering,2,Sygeløn 21/4 - 31/5,1,Sygedag,1,,,,
3825,Udbetal feriefridage,1099,Udbetal feriefridage,400,Udbetal feriefridage,139,Feriefridage udbetalt,7,,,,
9480,Variabelt fradrag T0,1098,Massage,7,Kantine,6,Variabelt fradrag T0,4,,,,
9030,25 % rejsegodtgørelse,1096,25 % rejsegodtgørelse,71,Tax-free travel allowance,41,25 % rejsegodtgørelse,19,,,,
1392,Overtidstillæg pct. 3a timeløn,1085,Overtidstillæg pct. 3a timeløn,3,Søndagstillæg,1,Overtid 5 time,1,,,,
1394,Overtidstillæg pct. 5a timeløn,1084,Overtidstillæg pct. 5a timeløn,2,Lørdag 18.00-06.00,1,Negativ flekssaldo,1,,,,
10220,Ingen forhold mellem løn/timer,1076,Ingen forhold mellem løn/timer,38,Ingen forhold mellem løn/timer,2,Promotion Q1,1,,,,
9601,Forening 1,1058,Kunstforening,5,Forening 1,4,Personaleforening,4,,,,
43365,Overarbejde pct. F,1042,"Tillæg Nedlukn, hverdag T",1,"Tillæg Nedlukn, hverdag",1,NULL,NULL,,,,
1443,Tilkald,1038,Tilkald,4,Byttevagt købt,2,Byttetimer (Plus) 04022024,1,,,,
1091,Timeløn,1036,Timeløn,3,2. Banquet høj sats,2,Time aften,1,,,,
43350,Overarbejde 1,1026,Overtid 1.-2. time,1,OT 1.-3. time (1),1,OT 1.-3. time,1,,,,
1358,Overtidstillæg pct. 6,1024,Pay out 100% of hourly 7/1,1,Pay out 100% of hourly 6/1,1,"Shift, extra hours x 1,5",1,,,,
3151,Personalegode 2 før skat,1020,Personalegode 2 før skat,8,Flexvalg Coaching,5,Tablets & PC,3,,,,
6517,Fritvalgskonto udbetaling,1018,Fritvalgstimer,2,Fritvalgskonto udbetaling,2,Seniorfri v/fritvalgskonto,1,,,,
6515,Fritvalgskonto udbetaling,1016,Fritvalgskonto udbetaling,16,Fritvalgskonto udbetaling,6,SH udbetaling,1,,,,
4484,Fritvalgskonto udbetaling,1004,Fritvalgskonto udbetaling,47,Fritvalgskonto udbetaling,12,2 x Helligdag,1,,,,
43340,Skifteholdstillæg 1,1002,Skiftehold 22-07.15,1,Hverdag 18-06,1,Skiftehold 18-06,1,,,,
43088,Bonus,998,Bonus,5,Fastholdelsesbonus,2,Fastholdelsesbonus rate 2,1,,,,
1173,"Tillæg B, ej ferieberettiget",978,"Tillæg B, ej ferieberettiget",47,Bonus,17,Bonus,8,,,,
44500,Timeløn,973,Timeløn Event,1,Timeløn-intro/travel,1,Timeløn Event,1,,,,
1475,"Ydelse 4, ej ferieberet.",966,"Ydelse 4, ej ferieberet.",19,Bonus,19,Bonus,4,,,,
310,Overfører feriefri år-1 dg,936,Overfører feriefri år-1 dg,626,Overfører feriefri år-1 dg,24,Overførsel af feriefridage,2,,,,
1357,Overtidstillæg pct. 5,909,Overtidstillæg pct. 5,2,Overtid 100% 50/50 2024.03.12,1,Overtid 100% 50/50 2024.01.31,1,,,,
4788,Udbetaling Ferietillæg Lov-grl,901,Udbetaling Ferietillæg Lov-grl,448,Udbetaling ferietillæg,56,Udbetaling Ferietillæg Lov-grl,42,,,,
1326,Overarbejde min.sats,891,Overtid kun tillæg (50%),1,Timetillæg,1,Overtid kun tillæg (50%),1,,,,
43799,Feriefridage (saldo),889,Feriefridage (saldo),34,Feriefridage (saldo),3,feriefri opdatering funk,1,,,,
11619,Ferieberettiget tillæg 14,886,14.02 P Day post-reg,1,07.02 P Day post-reg,1,21.03 CourseDay post-reg,1,,,,
1464,Tillæg,879,Søndags tillæg,3,Tillæg,3,Offshore FM tillæg,2,,,,
1149,Timeløn regulering t * s,876,"On-call duty, weekend",2,"Hjemmevagt tillæg, weekend",2,"Hjemmevagt tillæg, weekend",2,,,,
9477,Variabelt fradrag 8,854,Variabelt fradrag 8,12,Frokostordning,2,Kantinekøb Odense,2,,,,
450,SH-beløb ret/overfør,839,SH-beløb ret/overfør,149,SH-beløb ret/overfør,16,SH-saldo overført,1,,,,
9024,Diæter,838,Diæter,7,Diæter,3,0102 235223 Isolatør,1,,,,
1444,Tilkald,832,Tilkald,3,Byttevagt solgt,2,Byttetimer (Minus) 25012024,1,,,,
1752,Overarbejde Timeløn+tillæg 3,830,Overarbejde 5+  klokketime,1,Overtid sats 3,1,Overtid sats 3,1,,,,
1321,Overarbejde 150 %,829,Overarbejde 150 %,34,Overarbejde 150 %,8,Overarbejde 50%,7,,,,
1711,Overtidstillæg pct 2,813,Overtidstillæg pct 2,3,Suppl. weekday 00-08,2,Overtime Extra Pay (50%),2,,,,
1359,Overtidstillæg pct. 7,802,D 13/2 - overtid hotline 150%,1,Overtidstillæg pct. 7,1,Brandalarm tilk. søn/h. T,1,,,,
9491,Personalegode 1 efter skat,784,Personalegode 1 efter skat,10,Behandlingsforsikring,2,Øvrige personalegoder,2,,,,
3131,Massage,781,Massage,25,Massage,8,Flexvalg Massage,5,,,,
1506,Bonus,770,Bonus,17,Elevvejledning Cirkeline,1,Søndagstillæg mgl.,1,1,,,
1175,"Tillæg C, ej ferieberettiget",766,"Tillæg C, ej ferieberettiget",39,Bonus,6,Restferiedage udbetalt,5,1,,,
44200,Timeløn,758,Holiday eligible salary,2,Syg med løn 42xx,1,Reg 42xx Normaltid,1,,,,
1411,Afspadsering udbetalt,754,Afspadsering udbetalt,9,Afspadsering udbetalt,2,Flextimer afholdt,2,,,,
1391,Overtidstillæg pct. 2a timeløn,728,Overtidstillæg pct. 2a timeløn,4,Helligdagsbetaling,1,Udkaldstillæg,1,,,,
33821,Udbetal feriefritimer,723,Udbetal feriefritimer,12,Udbetal feriefritimer,5,Udbetaling af feriefritimer,2,,,,
9489,Variabelt fradrag T9,722,Variabelt fradrag T9,3,Frokost,2,Kantine Middelfart pr. gang,1,,,,
40118,Korrektion rest ferietimer,720,Korrektion rest ferietimer,23,Korr. rest ferietimer og penge,17,Korr. rest ferietimer,1,,,,
1384,Overtidstillæg pct. 1 timeløn,710,Overtidstillæg 100%,4,Overtidstillæg 100%,2,overarbejde 100%,1,,,,
9755,DA/LO udv.fond,709,DA/LO udv.fond,17,DA/LO udv.fond januar,1,DA/LO udv.fond,1,,,,
1386,Overtidstillæg pct. 2 timeløn,709,Overtidstillæg pct. 2 timeløn,3,Overarbejdstillæg 100%,2,Overtidstillæg pct. 2 timeløn,1,,,,
9109,Udb. efter skat 8,702,Øvrige udlæg,3,Udb. efter skat 8,2,Øvrige udlæg,2,,,,
40110,Udbetaling af feriedage,699,Udbetaling af feriedage,60,Udbetaling af feriedage,13,"Afregnet ferie, kontant",2,,,,
1383,Overtidstillæg pct. 1 timeløn,696,Overtidstillæg 50%,3,Tillæg 100% smede,1,Overtid procent 200%,1,,,,
1537,Ferieberettiget tillæg D tabel,696,Vagttillæg,2,Vasketillæg solo,2,Lørdags tillæg,1,,,,
3111,Bredbånd,693,Bredbånd,28,Gave,2,Bredbånd,2,,,,
1162,"Tillæg 3, ej ferieberettiget",686,"Tillæg 3, ej ferieberettiget",8,90 % timer (Tillæg),2,Udbetaling af ferie,2,,,,
1161,"Tillæg 2, ej ferieberettiget",674,"Tillæg 2, ej ferieberettiget",23,Timeløn,3,60 % timer (Tillæg),2,,,,
1296,Genebetaling % timeløn 1296,660,Genebetaling % timeløn 1296,2,80%,2,Nødservice søn/helligdage,1,,,,
4761,"Udbetaling ferietimer, Primo",659,"Udbetaling ferietimer, Primo",23,"Udbetaling ferietimer, Primo",10,Payment of vacation hours,2,,,,
1352,Genebetaling % MD,646,Genebetaling % MD,2,29.04 P Day,1,05.02 P Day,1,,,,
1295,Genebetaling % timeløn 1295,642,Genebetaling % timeløn 1295,3,50%,2,Vagt 21.01.2024 søndag,1,,,,
1715,Overtidstillæg pct 3,640,Overtidstillæg pct 3,2,Overtime Extra Pay (150%),2,Overtid 100%,2,,,,
1366,Overtidstillæg 2,634,Forskudttid lør 15-24,1,"Overtid, time + tillæg udbet.",1,"Shift, Gas weekend day",1,,,,
1322,Overarbejde 200 %,630,Overarbejde 200 %,24,Overarbejde 100%,7,Overarbejde 100 %,6,,,,
44531,Forskudt tidstillæg 2,630,Nattillæg Event,1,Nattillæg Event fejl 17/11,1,Nattillæg Event,1,,,,
1329,Forskudt tid 100 %,622,Forskudt tid 100 %,3,Overarbejde 100%,2,ROCH-LAEKOM-BA03 - Ser ud til,1,,,,
510,Saldokorr.  feriedage/kr. år X,621,Saldokorr.  feriedage/kr. år X,818,Saldokorr.  feriedage/kr. år X,23,Overført saldo,8,,,,
1617,B-indk. m/AM-bidrag felt 36,620,B-Income,41,B-indk. m/AM-bidrag felt 36,22,RSU,5,,,,
3049,Beskatning Værdi af fri kost,616,Beskatning Værdi af fri kost,2,Beskatning Værdi af fri kost,1,Beskatning  morgenmad,1,,,,
43801,Feriefritimer saldo,614,Feriefritimer saldo,31,Feriefritimer,2,Feriefritimer saldo,1,,,,
1333,Forskudt tid regulering,612,Forskudt tid regulering,23,Forskudttidstillæg,2,Aften/nat tillæg,1,,,,
9108,Udb. efter skat 7,600,Internet,3,Udlæg,2,Internet,2,,,,
373,Overfør Senior Ordning,598,Overfør Senior Ordning,23,Overfør Senior Ordning,2,NULL,NULL,,,,
1143,Timeafhængigt tillæg 4  t * s,594,Timeafhængigt tillæg 4  t * s,10,50% supplement,2,Feriefritimer,2,,,,
1102,Personligt tillæg,588,Personligt tillæg,21,Tillæg,3,Funktionstillæg,2,,,,
41102,Timeløn,586,Løntræk ifm. sygdom / orlov,1,Timeløn ifbm. feriefri,1,Løntræk ifm. sygdom / orlov,1,,,,
40300,Indlæs Ferie dage indev. år,583,Indlæs Ferie dage indev. år,31,Indlæs Ferie dage 2021,3,Korrekt for ferie fra 2021,1,,,,
3168,Personalegoder (felt 56),577,Personalegoder (felt 56),7,Personalgoder PC,1,Personalegoder,1,,,,
21352,Genebetaling % MD,572,19.03 Course Day,1,27.03 Course Day,1,30.01 Course Day,1,,,,
9032,Rejsegodtgørelse i udlandet,570,Rejsegodtgørelse i udlandet,77,Rejsegodtgørelse i udlandet,18,Rejsegodtgørelse,3,,,,
1461,Tillæg,567,Vagttillæg,2,Tillæg,2,2201 375184 Skumtillæg,1,,,,
3141,Personalegode  1 før skat,564,Personalegode  1 før skat,20,Flexvalg parkering,5,Brobizz,5,,,,
1142,Timeafhængigt tillæg 3  t * s,552,Timeafhængigt tillæg 3  t * s,11,100% supplement,2,100 % tillæg holdskifte,2,,,,
1509,Bonus,549,Bonus,2,IT - On Call (DKK 1000),2,Afregning,1,,,,
1841,Afh. flextimer,548,Afh. flextimer,2,Flex afvikling,1,Flex afvikling,1,,,,
3418,Aftalefritimer udbetalt,540,OK timer udbetalt,2,OK dag 19.mar,1,OK dage 28+29 feb,1,,,,
1535,Ferieberettiget tillæg 3 U/P,537,Ferieberettiget tillæg 3 U/P,8,Bonus,7,Bonus,5,,,,
1121,Timeløn regulering t * s,535,Timeløn regulering t * s,126,Timeløn regulering,12,Timeløn,9,,,,
3700,Ferietillæg ekstra afregning,527,Ferietillæg ekstra afregning,52,Ferietillæg,4,Udbetaling ekstra ferietillæg,4,,,,
4785,Ferietillæg lov + OK-grundlag,524,Ferietillæg lov + OK-grundlag,76,Ferietillæg lov + OK-grundlag,13,Ferietillæg udbetalt,4,,,,
9026,Diæter,520,Diæter,3,Heldag småfornødenheder,1,1405 349608 Studstrup værket N,1,,,,
41103,Timeløn,520,Løntræk ifm. ferieafholdelse,1,Løntræk ferie rettelse,1,Løntræk ifm. ferieafholdelse,1,,,,
1567,Ferieberettiget tillæg D,519,Ferieberettiget tillæg D,19,Bonus 2023,3,Bonus,3,,,,
1773,Skifteholdstillæg pct 2,517,Public Holiday Supervisor (100,2,100% Shift Compensation,1,Hverd. man-fre 16-23.59,1,,,,
3821,Udbetal feriefritimer,514,Udbetal feriefritimer,113,Udbetal feriefritimer,38,Feriefritimer,4,,,,
1147,Timeløn regulering t * s,506,90 % timer (Tillæg),2,Teamshift changed duty - 90%,2,Skattepligtig diæt,1,,,,
2901,1/2 ledighedsdage,495,1/2 ledighedsdage,119,G-days,40,1/2 ledighedsdage,5,,,,
4780,Ferietillæg Ekstra lov+OK GrLa,489,Ferietillæg Ekstra lov+OK GrLa,14,Ferietillæg Ekstra lov+OK GrLa,7,Ferietillæg ekstra,6,,,,
8251,Regulering A-skat,480,Regulering A-skat,1137,Regulering A-skat,71,"A-tax, adjustment",31,,,,
3081,Falck forsikring,471,Falck forsikring,3,Sports Contribution,2,Værdi af fri bredbånd,1,,,,
1089,Timeløn timer * sats,465,Timeløn timer * sats,3,Timeløn BaseBuddy Juli,1,Pumpearbejde,1,,,,
1345,Tillæg 3 beløb,462,Tillæg 3 beløb,10,Lock brackets - antal,2,Per diem taxable TGI,1,,,,
1368,Overtidstillæg 4,461,Accord time besparelse,2,Fs. Søn-og helligdag 06-12,1,Helligdagstillæg regulering,1,,,,
1075,Timeløn timer * sats,458,Timeløn timer * sats,33,Timeløn,9,Timeløn timer * sats,5,,,,
11520,Forskudttidstillæg A,456,Vagttillæg week/hellig F,1,Intern Service Vagttimer,1,Forskudttillæg 17-18,1,,,,
9496,Personalegode 2 efter skat,450,Personalegode 2 efter skat,3,Krüger Torvet nettolønsgode,1,Krüger Torvet nettolønsgode,1,,,,
1092,Timeløn,449,Timeløn,3,Rejseledersats 2,1,Eksport lærlinge næstsidste år,1,,,,
3301,Omsorgsdagssaldo i timer,449,Omsorgsdagssaldo i timer,18,Omsorgsdagssaldo i timer,3,KE timer tilskrivning,1,,,,
44544,Skifteholdstillæg 5,446,50%,1,100%,1,Tillæg nat,1,,,,
43366,Overarbejde pct. G,444,"Tillæg Nedlukn, weekend T",1,"Tillæg Nedlukn, weekend",1,NULL,NULL,,,,
43388,Bonus,435,Bonus DI,1,Bonus,1,NULL,NULL,,,,
43352,Overarbejde 3,433,OT lør/søn T.2,1,OT fre eft 12. T.2,1,OT 5.+,1,,,,
1607,B-indkomst u/AM-bidrag,433,B-indkomst u/AM-bidrag,122,B-indkomst u/AM-bidrag,12,Honorar,6,,,,
9016,Cykel km sats,431,Cykel km sats,10,Cykel km sats,6,Kilometer Scooter 77601 12.04.,1,,,,
3831,Feriefritimer udb. timelønn.,428,Feriefritimer udb. timelønn.,65,Feriefritimer udb. timelønn.,15,Feriefritimer udbetaling,3,,,,
40108,Korr. optj ferietimer og penge,424,Korr. optj ferietimer og penge,19,Korr ferietimer+penge TIDL år,3,Konverteret ferietimer 2023,1,,,,
311,Overfører feriefri år-1 tim,415,Overfører feriefri år-1 tim,393,Overfører feriefri år-1 tim,10,Feriefritimer,1,,,,
1471,Ydelse 2,402,Ydelse 2,3,"Provision, Diverse",2,Regulering,1,,,,
3226,Personalegode 6 før skat,391,Personalegode 6 før skat,3,Mobil og mobil abb. bruttoløn,1,Massageordning,1,,,,
9107,Udb. efter skat 6,387,Transport,2,Transport,2,ESPP Program-nulstilling saldo,2,,,,
1146,Timeløn regulering t * s,386,Timeløn regulering t * s,3,60 % timer (Tillæg),2,Teamshift changed duty - 60%,2,,,,
44532,Forskudt tidstillæg 3,384,Søn-og tillæg Event fejl 19/11,1,Sats 2 overtid afspadsering,1,Sats 2 overtid afspadsering,1,,,,
1369,Overtidstillæg,381,Rådighedsvagt fredag,1,"Weekend + helligedage time, Ef",1,Efter kl 16.00 time,1,,,,
8161,ATP korrektion A-sats,373,ATP korrektion A-sats,338,ATP korrektion A-sats,23,ATP,5,,,,
1456,Tillæg,373,Tillæg,3,Beredskabsudk. pr time SH,2,Asbesttilæg,2,,,,
45405,SH timer udbetaling,372,SH timer udbetaling,5,SH timer,2,Helligdag/SH timer,1,,,,
1210,Timeløn / anciennitet,372,Timeløn / anciennitet,4,Timeløn / anciennitet,2,Timeløn NAT Jyderup,1,,,,
3944,Særlige timer tildeling,366,Særlige timer tildeling,4,Særlige timer tildeling,2,Konverteret FF timer 2023,1,,,,
1427,Afspadsering afholdt,365,Afspadsering afholdt,6,Afspadsering afholdt kr./timer,2,Afspadsering (1:1)(DAH MDR),1,,,,
3221,Personalegode 5 før skat,341,Personalegode 5 før skat,3,Mobiltelefoner,2,Ej i brug,1,,,,
1304,Overarbejde regulering,340,Overarbejde regulering,90,Overarbejde,7,Overarbejde beløb,4,,,,
1712,Overtidstillæg pct 4,338,Overtime Extra Pay (80%),2,Overtime 100%,1,Overtime across midnight 29Apr,1,,,,
324,Saldokorr. afspads. timer/kr.,336,Saldokorr. afspads. timer/kr.,65,Saldokorr. afspads. timer/kr.,12,Korrektion afspadsering,1,,,,
3835,Feriefritimer udb. timer*sats,333,Feriefritimer udb. timer*sats,103,Feriefritimer udb. timer*sats,18,Feriefritimer udb.,12,,,,
44530,Forskudt tidstillæg 1,331,Søndagstillæg/Helligdagstillæg,2,Overtid 1 regl.,1,Overtidstillæg,1,,,,
43360,Overarbejde pct. A,330,Mgl. varsel - u/48 t 3*timeløn,1,Overarbejde 150%,1,Overtime across midnight Mar24,1,,,,
4762,"Udbetaling feriedage, Ultimo",325,"Udbetaling feriedage, Ultimo",150,"Udbetaling feriedage, Ultimo",15,Udbetaling feriedage,3,,,,
313,Overfører afsp år-1 tim,310,Overfører afsp år-1 tim,344,Overfører afsp år-1 tim,13,Overfør afspadsering,2,,,,
1393,Overtidstillæg pct. 4a timeløn,310,Overtidstillæg pct. 4a timeløn,3,Søn/helligdagstillæg,1,Søndagstillæg 50%,1,,,,
3126,Aviser / tidsskrifter,309,Aviser / tidsskrifter,7,Avis,2,Aviser,2,,,,
43151,Overarbejde 2,309,OT 4.+,1,Overtid 4+ time,1,Overtid 4.+time,1,,,,
316,Overfører aftalefridg år-1,305,Overfører aftalefridg år-1,142,Overfører aftalefridg år-1,6,Overførsel af aftalefridage,1,,,,
1569,Ferieberettiget tillæg E,292,Ferieberettiget tillæg E,17,Repatriation allowance,4,Bonus,3,,,,
3001,Værdi af fri bil,291,Værdi af fri bil,154,Value Company car,40,Værdi af fri bil regulering,7,,,,
1661,Ferieberettiget tillæg A(1),290,Ferieberettiget tillæg A(1),10,Provision,4,Tillæg,2,,,,
11522,Forskudttidstillæg C,290,Forskudttidstillæg 2,1,Rådighedsvagt HV 50% 24-04,1,Evening,1,,,,
1339,Overtidstillæg,284,Overtidstillæg,2,D 12/4 - overtid hotline week,1,D 14/4 - overtid hotline week,1,,,,
1093,Timeløn,283,Timeløn,3,Timeløn ekstra,2,Timeløn Sikkerhedsvagter,1,,,,
1395,Overtidstillæg pct. timeløn+,282,Overtidstillæg pct. timeløn+,6,Overtime Extra Pay 4 (130%),2,Weekend 100% reperatører,1,,,,
41320,Overarbejde almindelig timeløn,280,Overarbejde almindelig timeløn,1,Sygeløn,1,Overarbejde 1:1,1,,,,
1521,Ferieberettiget tillæg 1 tabel,277,Ferieberettiget tillæg 1 tabel,2,IT Rådighedsvagttimer,1,Konverteringstillæg,1,,,,
13800,Feriefridage konv,272,Feriefridage konv,31,Feriefridage konv,3,Feriefri 1/5-24,1,,,,
3021,Værdi af gruppeliv regulering,270,Værdi af gruppeliv regulering,25,Gruppeliv,2,Værdi af gruppeliv jan,1,,,,
1463,Tillæg,261,Tillæg,4,Teknikker tillæg,2,Vagttillæg morgen,2,,,,
1347,Tillæg 4 beløb,259,Tillæg 4 beløb,4,Forskudttidstillæg hv 1 t,1,"Mobiliserings Fee, regulering",1,,,,
4076,Feriekort udbetaling,258,Feriekort udbetaling,166,Feriekort udbetaling nettofp.,2,Feriepenge udbetaling,2,,,,
42115,SH. Godtgørelse,256,S/H HK,1,SH. HK,1,NULL,NULL,,,,
1809,Fradrag før skat 1a,255,Hjemmevagt tillæg weekend (Fra,2,"On-call duty, weekend (deduct)",2,Hjemmevagt tillæg weekend (Fra,2,,,,
9027,Diæter,254,Diets,1,Logi 1 dag,1,Diæter,1,,,,
1298,Genebetaling % timeløn 1298,254,130%,2,Genebetaling % timeløn 1298,2,Reservedelsudkald m/lev.,1,,,,
3026,Værdi af gruppeliv regulering,246,Værdi af gruppeliv regulering,14,Værdi af gruppeliv,3,Forende Gruppeliv,1,,,,
3041,Værdi af fri kost regulering,243,Værdi af fri kost regulering,9,Værdi af fri kost,5,Værdi af fri kost,4,,,,
1608,B-indkomst u/AM-bidrag,242,B-indkomst u/AM-bidrag,4,"Kørselsgodtgørelse, B-Indkomst",1,B-indkomst u/AM-bidrag Kørsel,1,,,,
1350,Genebetaling % MD,239,Overtid funktionær,2,Man-fredag 22-07,1,Funktionstillæg,1,,,,
43123,Personligt tillæg,237,Reg VOK Sats,1,Køretid,1,NULL,NULL,,,,
1777,Skifteholdstillæg pct 6,237,Shift Pay (100%),2,Kørsel på rådighedsvagt,1,Week/Hell 00-07-59,1,,,,
620,Kilometergodtgørelse km.,236,Kilometergodtgørelse km.,224,Kilometergodtgørelse km.,14,Antal km,6,,,,
44501,Timeløn SI,229,Normalløn Event,1,Normalløn Event,1,Timeløn SI,1,,,,
5750,Beløb til grundlag (pension),225,Beløb til grundlag (pension),49,Beløb til grundlag (pension),7,Pensionsgrundlag,2,,,,
1762,vagttillæg pct 1,223,On-Call Pay (50%),2,Overtidstillæg 75%,1,Lørdagstillæg 40%,1,,,,
43361,Overarbejde pct. B,222,Overtime <3 hrs weekend 150%,1,Varsko weekend,1,Overarbejde +80%,1,,,,
1761,Vagttillæg beløb,222,Vagttillæg beløb,8,Vagttillæg beløb,4,Lump Sum,2,,,,
44440,Skifteholdstillæg 1,217,Forskudttid kl. 17-06,1,Forskudt tid alle dage 30%,1,Forskudt tid alle dage 30%,1,,,,
3121,Bus / togkort,214,Bus / togkort,32,Flexvalg Bus/togkort,5,Transport,3,,,,
4783,Udb Ferietillæg ekstra lov.grl,208,Udb Ferietillæg ekstra lov.grl,22,Udb Ferietillæg ekstra lov.grl,4,Udb Ferietillæg ekstra,2,,,,
1808,Fradrag før skat 1d,204,Hjemmevagt tillæg hverdag (Fra,2,"On-call duty, weekday (deduct)",2,Hjemmevagt tillæg hverdag (Fra,1,,,,
40111,Udbetaling af ferietimer,203,Udbetaling af ferietimer,11,Ferie udbetalt,1,Holiday paid,1,,,,
314,Overfører omsorgdg år-1,202,Overfører omsorgdg år-1,113,Overfører omsorgdg år-1,5,Overfør omsorgsdage fra s.år,1,,,,
3062,Værdi af sundhedsforsikring,202,Værdi af sundhedsforsikring,131,Value Health Insurance,40,Værdi af sundhedsforsikring,7,,,,
49472,Variabelt fradrag 1b,200,Udlæg til fortæring,1,"Employee tax EUR 2.880,50",1,"3 stk. fakturaer, FysHuset",1,,,,
40080,"Korrektion Forskudsferie, Dage",200,"Korrektion Forskudsferie, Dage",22,"Korrektion Forskudsferie, Dage",1,NULL,NULL,,,,
8815,Værdi af fri bolig,195,Værdi af fri bolig,21,Personalegode Husleje,2,Værdi af fri bolig,2,,,,
42420,Udlæg,193,Diverse omk,1,LK - OVERARB 28-01-2,1,LK - 6X EUR UDLÆG,1,,,,
3216,Personalegode 4 før skat,189,Flexvalg SATS,5,Personalegode 4 før skat,4,"Massage, sundhed og coaching",3,,,,
44221,Mødetillæg,187,brancheanc. 12-18,1,Anc.till eft. 1 år,1,Servicetillæg,1,,,,
41328,Overarbejde 150 %,184,Overarbejde 150 %,2,"Overarbejde 1:1,5",1,"Hensat afspadsering 1 (1,5)",1,,,,
3847,Afholdte feriefridage/udbetal,179,Afholdte feriefridage/udbetal,16,Afholdte feriefridage/udbetal,5,Feriefridage udbetaling,4,,,,
3839,Udbetal feriefritimer,178,Udbetal feriefritimer,4,Feriefritimer udb fra februar,1,Udbetal feriefritimer,1,,,,
3415,Aftalefritimer udbetalt,175,Aftalefritimer udbetalt,6,Seniordage udbetalt,3,Aftalefridage udbetalt,2,,,,
40048,Korr ekstr ferietill OK Kal.år,171,Korr ekstr ferietill OK Kal.år,4,Ferietillæg udbetalt ekstra,1,NULL,NULL,,,,
3412,Aftalefritimer timeløn udb.,170,Udbetaling af senior fri,2,Særlig fridag m/løn,1,Udb opsparede mertimer,1,,,,
40120,Korr. fratr. Feriep/dage I år,169,Korr. fratr. Feriep/dage I år,59,Feriepenge indev. år (dage),5,Korr. fratr. Feriep/dage I år,3,,,,
9604,Forening 2,169,Vinklub,5,Forening 2,4,NNIT Event,4,,,,
43152,Overarbejde 3,169,OT før normal arb.,1,OT 5+ time,1,Søn/helligdage,1,,,,
42120,Overtid 50 %,168,Overtid 50 %,1,OT 1.-3. t. - 50%,1,Overtid 150 % marts,1,,,,
1753,Overarbejde Timeløn+tillæg 4,166,"Overtid, time + tillæg udbet.",1,"Overtid, time + tillæg udbet.",1,Overarb. på hverdagsfridag,1,,,,
895,Timer fra fravær/feriefri,165,Timer fra fravær/feriefri,5,Timer sygdom stop tillæg,1,Tillæg,1,,,,
3830,Feriefridage udb. månedslønn.,163,Feriefridage udb. månedslønn.,207,Feriefridage udb. månedslønn.,35,Feriefridage udbetalt,6,,,,
1338,Overarbejde varsling,162,24/7 Weekend høj takst,2,D 15/3-overtid hotline man/fre,1,D 22/4-overtid hotline man/fre,1,,,,
1779,Skifteholdstillæg pct 8,162,Forskudt tid alle dage 30%,2,On-Call Pay (100%+0%),1,On-Call Pay (100%+0%),1,,,,
3874,Feriefribeløb udbetalt,160,Feriefribeløb udbetalt,10,Feriefridage udbetalt,2,Udbetaling 6. ferieuge,2,,,,
14452,SH-saldo,160,SH-saldo,24,SH-saldo,6,SH-saldo - test,1,,,,
1349,Tillæg 5 beløb,156,Tillæg 5 beløb,6,Ændret tid reg.,1,Engangsvederlag,1,,,,
41329,Overarbejde 200 %,156,Overarbejde 200 %,2,Overtid Weekend/22-06,1,Overarbejde 1:2,1,,,,
1663,Ferieberettiget tillæg B(1),151,Ferieberettiget tillæg B(1),7,Bonus,3,On-Call Allowance,2,,,,
1764,vagttillæg pct 3,149,On-Call Pay (100%+50%),1,Lørdagstillæg 60%,1,On-Call Pay (100%),1,,,,
41100,Timeløn,149,Timeløn støbe,1,Lønudbetaling - 1. maj,1,Flex udbetalt,1,,,,
43375,Sygedagpenge,149,Barn syg m. dagp.DI,1,Syg m dagpenge DI,1,Sygedagpenge DI,1,,,,
3211,Personalegode 3 før skat,144,Personalegode 3 før skat,5,Forsikring & Aviser,3,DSB erhvervskort,2,,,,
3085,Værdi af sundhedsforsikring,141,Værdi af sundhedsforsikring,4,Reg Sundhedssikring jan,1,Reg Sundhedssikring feb,1,,,,
42113,Bonus 1,140,Bonus 2023,1,NULL,NULL,NULL,NULL,,,,
3101,Telefontilskud,137,Telefontilskud,26,Kompensation telefon,3,Kompensation fri telefon,2,,,,
41016,Saldo Ferietimer,137,Saldo Ferietimer,7,Ferietimer 22/23,2,Ferietimer 23/24,1,,,,
3947,Særlige dage udbetaling,134,Særlige dage udbetaling,11,Særlige dage udbetaling,4,6. ferieuge udbetalt,2,,,,
40022,Saldo ekstra ferietillæg,133,Saldo ekstra ferietillæg,3,NULL,NULL,NULL,NULL,,,,
3975,Sygeferiepenge,132,Sygeferiepenge,37,Sygeferiepenge,5,Sygeferiepenge grundlag,4,,,,
49474,Variabelt fradrag 1d,131,PHS Canteen Mar,1,"PHS English, SFO Feb",1,"PHS SFO, English Mar",1,,,,
43046,Skifteholdstillæg 7,127,Trosseføring nattillæg,1,Trosseføring nattillæg,1,Aftentillæg,1,,,,
9106,Udb. efter skat 5,126,Udb. efter skat 5,4,Udlæg,3,Competition Clause,2,,,,
1165,"Tillæg 3, ej ferieberettiget",126,"Feriepenge, lærlinge 5-8/3",1,Må ikke bruges Udb.af flextim,1,VEU godtg. feb. omreg t/timer,1,,,,
1086,Timeløn timer * sats,126,Rådighedstimer,1,"Ekstra tid, Bronze",1,"Ekstra tid, Bronze",1,,,,
43105,Faglært timeløn,118,Normal tid,1,NULL,NULL,NULL,NULL,,,,
1472,Ydelse 3,115,Ydelse 3,3,Bonus,3,EBITDA bonus,1,,,,
3827,Afholdte feriefritimer,115,Afholdte feriefritimer,8,Afh. FF dag m/SH løn,1,Træk afholdte feriefritimer,1,,,,
3843,Feriefribeløb udbetalt,115,Feriefribeløb udbetalt,15,Feriefribeløb udbetalt,3,Feriefribeløb udb.,1,,,,
6511,Fritvalgskonto udbetaling,111,Fritvalgskonto udbetaling,5,Fritvalgskonto udbetaling,1,FV dag 6/3,1,,,,
11372,Overtidstillæg pct. C,111,Overarbejde 1:2,1,Overtid 150%,1,Overarb. 125% af timeløn,1,,,,
8823,Værdi af fri sommerhus,110,Værdi af fri sommerhus,28,Værdi af fri sommerhus,5,Værdi Casa Jeudanita uge 21,1,,,,
3116,Bredbåndstelefoni,108,Bredbåndstelefoni,5,Mobile phone,1,Mobile phone,1,,,,
9028,Diæter,107,Diæter,2,Døgndiæter ekskl. morgenmad,1,Diets,1,,,,
40045,Saldo eks. ferietill LovKal.år,107,Saldo eks. ferietill LovKal.år,1,Saldo ekstra ferietillæg,1,NULL,NULL,,,,
1299,Genebetaling % timeløn 1299,107,Genebetaling % timeløn 1299,2,Shift Pay (5%),2,Rådighedsløn u/sygdom,1,,,,
43362,Overarbejde pct. C,106,Overtime > 3 hrs weekend 180%,1,Aflyst overtid hverdag,1,Overtime across midnight Jan24,1,,,,
3071,Ulykkesforsikring,105,Ulykkesforsikring,4,Fitness,1,SATS marts-april 24,1,,,,
1791,Betalt frihed med timeløn,105,Udbetaling 15 feriedage,1,Betalt frihed med timeløn,1,Ferie uden løn,1,,,,
43321,Mødetillæg,104,Mødetill. 6.mdr Sjæl,1,Mødetill. 6.mdr anc,1,Ekstra vagttill.,1,,,,
43341,Skifteholdstillæg 2,103,Nat 24-06.30,1,Aftentillæg 18-06,1,Lør/søn 14-00,1,,,,
3315,Omsorgsdage udb. timer * sats,102,Omsorgsdage udb. timer * sats,9,Udbetaling af firma fridage,2,Payment of comp shift work vac,2,,,,
43357,Overarbejde 8,102,OT t. før norm 06-18,1,OT t. før norm 18-06,1,OT søn+hellig til 12,1,,,,
9029,Diæter,102,Timediæter ekskl. morgenmad,1,Diæter (ledig),1,Diæter (40),1,,,,
42310,Sygedagpenge,102,Sygedagpenge HK 2+,1,Syg m dagpenge HK 2+,1,NULL,NULL,,,,
3980,Sygeferiepenge,101,Sygeferiepenge,27,Sygeferiepenge M/AM,9,Sygeferiepenge,3,,,,
1399,Overtidstillæg pct. timeløn -F,101,Ferietimer,1,Overarbejde 50%,1,Overtidstillæg pct. timeløn -F,1,,,,
43358,Overarbejde 9,100,Offshore OT 48% tillæg,1,OT søn+hellig fra 12,1,Diæter,1,,,,
3095,Værdi af benzin,99,Værdi af benzin,21,Værdi af benzin,5,JCI,1,,,,
602,Saldokorr. eks. ferietillæg år,99,Saldokorr. eks. ferietillæg år,192,Ovf. Ekstra ferietillæg,4,Saldokorr. eks. ferietillæg år,4,,,,
3065,Værdi af sundhedsforsikring,99,Værdi af sundhedsforsikring,103,Sundhedsforsikring,11,Værdi af sundhedsforsikring,6,,,,
4565,Netto SH fra sidste år,98,Netto SH fra sidste år,5,Netto SH fra sidste år,3,NULL,NULL,,,,
1713,Overtidstillæg pct 5,97,Overtime Extra Pay (100%),2,Overtidstillæg,1,Afsp. saldo,1,,,,
3841,Feriefribeløb udbetalt,96,Feriefribeløb udbetalt,23,Feriefribeløb udbetalt,3,"Feriefri 37 t. a 184,88 kr.",1,,,,
1420,Afspadsering udb. saldo fratr.,96,Afspadsering udb. saldo fratr.,55,Afspadsering udb. saldo fratr.,6,Negativ afspadsering reguleret,1,,,,
1519,"Tillæg, genebetaling",95,"Tillæg, genebetaling",3,Anciennitetstillæg,2,Spotbonus,1,,,,
40013,Saldo Arbejdstidsprocent,95,Saldo Arbejdstidsprocent,17,NULL,NULL,NULL,NULL,,,,
33822,Udbetal feriefritimer,93,Udbetal feriefritimer,7,Feriefritimer som aftalt,1,Udbetal feriefri saldo,1,,,,
1641,Pensionsudbetaling,92,Pensionsudbetaling,17,Komp. Klausuler,5,Pensionsudbetaling,2,,,,
1805,Fradrag før skat 1a,92,30 % timer (Fradrag),2,Deduct teamshift changed - 30%,2,Fradrag for 56 timers ferie,1,,,,
43376,Sygedagpenge,91,Syg m dagpenge DI 2+,1,Sygedagpenge DI 2+,1,NULL,NULL,,,,
11374,Overtidstillæg pct. E,89,Lørdagstillæg,1,Lørdagstillæg,1,NULL,NULL,,,,
48721,FRITVALGSUDBETALING 421XX,89,FRITVALGSUDBETALING 421XX,1,Pension til udbetaling,1,Fritvalgsudbetaling,1,,,,
43395,Feriefridage,88,Feriefridag. DI,1,NULL,NULL,NULL,NULL,,,,
3842,Feriefribeløb udbetalt,85,Feriefribeløb udbetalt,16,Feriefribeløb udbetalt,3,Udbetaling feriefribeløb,1,,,,
43364,Overarbejde pct. E,84,Overtime >3 hrs publ. hol 230%,1,Hjemmevagt RAFF,1,Overtime >3 hrs publ. hol 230%,1,,,,
3099,"Gavekort beskatning, ej udb.",84,"Gavekort beskatning, ej udb.",16,"Gavekort beskatning, ej udb.",3,Gavekort beskatning,3,,,,
1763,vagttillæg pct 2,83,On-Call Pay (80%),2,Overtidstillæg 100%,1,On-Call Pay (50%+30%),1,,,,
11380,Overtidstillæg pct. K,83,Overtid 1:1,1,Overtid 1:1,1,NULL,NULL,,,,
44000,Timeløn,83,Normal tid,1,NULL,NULL,NULL,NULL,,,,
40046,Korr ekstr ferietill LovKal.år,81,Korr ekstr ferietill LovKal.år,2,NULL,NULL,NULL,NULL,,,,
9631,Forening 11,80,Forening 11,2,Gokart Roskilde 12. maj,1,Frikøb IT fleksibel arb.plads,1,,,,
1297,Genebetaling % timeløn 1297,80,Genebetaling % timeløn 1297,2,100%,2,Test,1,,,,
1325,Overarbejde 200 %,77,Overarbejde 200 %,15,Overarbejde 100%,7,Helligdage 100%,1,,,,
1415,Afspadsering udb. saldo,77,Afspadsering udb. saldo,73,Afspadsering udb. saldo,17,Udbetaling overarbejde saldo,1,,,,
4075,Feriekort udbetaling,75,Feriekort udbetaling,185,Feriepenge,2,Feriepenge optjent 2018,1,,,,
4770,Ferietillæg lov+OK grl. Kal.år,74,Ferietillæg Ekstra lov+OK GrLa,1,Ferietillæg lov+OK grl. Kal.år,1,NULL,NULL,,,,
2905,Ledighedsdage regulering,73,Ledighedsdage regulering,68,Ledighedsdage,17,G-dage,6,,,,
4752,Ferie fra tidl. arbejdsgiver,73,Ferie fra tidl. arbejdsgiver,20,Ferie fra tidl. arbejdsgiver,12,Holidays former employer,2,,,,
3832,Feriefridage i timer udb.,73,Feriefridage i timer udb.,49,Feriefridage i timer udb.,6,Feriefritimer udbetalt,2,,,,
4778,Udb Ferietill ekstr Lov KalÅr,73,Udb Ferietill ekstr Lov KalÅr,4,Ferietillæg 1/6 - 31/8 2021,2,Udb Ferietill ekstr Lov KalÅr,2,,,,
9891,B-indkomst m/AM-bidrag,71,RSU Vesting 01-03-24,1,Vesting RSU February,1,Aktiekøb,1,,,,
41330,Overarbejde almindelig timeløn,71,Overarbejde 100 %,1,Overtid timelønnet 100%,1,Overarbejde 100 %,1,,,,
40018,Korrektion Ferieberet.løn.lov,71,Korrektion Ferieberet.løn.lov,9,NULL,NULL,NULL,NULL,,,,
43176,Sygedagpenge,71,Syg m. dagp Vikar2+,1,Sygedagpenge Vikar2+,1,NULL,NULL,,,,
8825,Fri sommerbolig egenbetaling,69,Fri sommerbolig egenbetaling,9,Fri sommerbolig egenbetaling,2,Louisevej 6,1,,,,
9607,Forening 3,68,Forca IF,5,Forening 3,3,Vinklub,3,,,,
1842,Udb. flextimer,68,Udb. flextimer,8,Udb. flextimer,2,Udbetaling af flex,1,,,,
11526,Forskudttidstillæg G,68,"Rådighedsvagt, OpenNet",1,Forskudt spisepause,1,Forskudt spisepause 24-04,1,,,,
42110,Bonus,67,Bonus,2,Bonus - ej pensionsgivende,1,Bonus / Goalsharing,1,,,,
43363,Overarbejde pct. D,67,Aflyst overtid,1,Overtime > 3 hrs publ.hol.200%,1,Overtime <3 hrs publ. hol 200%,1,,,,
43355,Overarbejde 6,64,OT hverdagsfri 06-18,1,OT hverdagsfri 18-06,1,OT søn/hell 06-12,1,,,,
8105,ATP timer A-sats,64,ATP timer A-sats,56,ATP timer A-sats,4,ATP,1,,,,
4784,Udb ekstra Ferietillæg OK-grl,63,Udb ekstra Ferietillæg OK-grl,8,Udb ekstra Ferietillæg OK-grl,5,Ekstra Ferietillæg fratrædelse,1,,,,
1087,Timeløn timer * sats,62,Afløser PI-Chauffør,1,Flekstimer,1,Afløser PI-Chauffør,1,,,,
1786,Forskudttid Timeløn % 2,60,Overtid 200 %,1,Overtid 200 %,1,NULL,NULL,,,,
11525,Forskudttidstillæg F,60,Night shift - WFH,1,Rådighedsvagt SH 100%24-03,1,Trailertillæg arbejdsgiver,1,,,,
43153,Overarbejde 4,58,OT søn+helligdag,1,OT hverdagsfri 18-06,1,NULL,NULL,,,,
1765,vagttillæg pct 4,57,On-Call Pay (100%+80%),1,On-Call Pay (180%),1,Ekstra timer SSG,1,,,,
8172,ATP firmabidrag regulering,57,ATP firmabidrag regulering,31,ATP firmabidrag regulering,3,ATP firmabidrag reg 07-23,1,,,,
3834,Feriefridage udb. månedslønn.,57,Feriefridage udb. månedslønn.,26,Feriefridage udb. månedslønn.,3,Udbetaling Feriefri,2,,,,
42300,Sygedagpenge,56,Sygedagpenge,1,Sygedagpenge HK,1,Syg m. dagpenge HK,1,,,,
43351,Overarbejde 2,55,3.-4. overtime,1,OT 1.+4. time,1,OT 3.+4. time,1,,,,
1324,Overarbejde 150 %,55,Overarbejde 150 %,19,Overarbejde 50%,5,Overarbejde 150 %,3,,,,
3091,Biltilskud,54,Biltilskud,29,Biltilskud,4,Biltilskud april,2,,,,
3052,Fri telefon,54,Fri telefon,141,Fri telefon regulering,8,Fri telefon januar,8,,,,
1507,Bonus,54,Bonus,6,Referral bonus,2,Underv.honorar 29-31 jan,1,,,,
3979,Sygeferiepenge timeløn,54,Sygeferiepenge timeløn,15,Sygeferiepenge - timeløn,2,Sygeferiepenge - timeløn,1,,,,
40200,Indlæs Ferie timer tidl. år,54,Indlæs Ferie timer tidl. år,9,Indlæs Ferie timer,1,NULL,NULL,,,,
9481,Variabelt fradrag T1,53,Variabelt fradrag T1,3,Kantine Aalborg pr. gang,2,Fitness egen Start/opsagt reg.,2,,,,
4488,Fritvalg udbet. v. fratræd.,53,Fritvalg udbet. v. fratræd.,27,Fritvalg udbet. v. fratræd.,8,Fritvalg afregning,1,,,,
42125,Overtid 100 %,53,Tillæg 1. Maj,1,OT Lørdag 1.-3.time,1,Kr. himmelfartsdag,1,,,,
43050,Overarbejde 1,53,Afspadsering udbetalt,1,Overarbejde,1,Overarbejde,1,,,,
42195,Udbetal feriefritimer,52,Udbetal feriefritimer,4,Udbetal feriefritimer 37,1,Feriefridag HK,1,,,,
43175,Sygedagpenge,51,Syg m. dagp. Vikar,1,Sygedagpenge VikarOK,1,NULL,NULL,,,,
43343,Skifteholdstillæg 4,51,Helligdag+OKfridage,1,Søn 06.00-Søn 12.00,1,NULL,NULL,,,,
43130,Forskudt tidstillæg 1,49,Reg VOK Fors. tid,1,FS HV 18-22,1,Reg VOK tillæg,1,,,,
9610,Forening 4,49,NNIT Jutland,2,Forening 4,2,Club Jutland,2,,,,
44034,Forskudt tidstillæg 5,49,FS tid kl. 22-06,1,NULL,NULL,NULL,NULL,,,,
3986,Dagpenge regulering,47,Dagpenge regulering,30,Forældreorlov dagpenge,1,Leave correction,1,,,,
1465,Tillæg,47,Ancienitets tillæg 19/04-03/05,1,Ancienitets tillæg 05/03-18/03,1,Ancienitets tillæg 13/02-21/02,1,,,,
5991,Fritvalgskonto-AM-pension bel.,47,Fritvalgskonto-AM-pension bel.,117,Fritvalgskonto-AM-pension bel.,25,Fritvalgskonto-AM-pension,4,,,,
40051,Nulstil ferietillæg år -1,47,Nulstil ferietillæg år -1,13,NULL,NULL,NULL,NULL,,,,
4439,Fritvalgskonto udbetaling,47,Fritvalgskonto udbetaling,18,Fritvalgskonto udbetaling,2,Fritvalgskonto Udb. 11/3+18/3,1,,,,
1669,Ferieberettiget tillæg E(1),46,Ferieberettiget tillæg E(1),6,Awards and Rewards,2,Ferieafholdelse nyansat,2,,,,
6471,Fritvalgskonto-pension %,46,Fritvalgskonto-pension %,77,Fritvalgskonto-pension %,9,Fritvalgskonto-pension,3,,,,
3003,Fri bil egen betaling,45,Fri bil egen betaling,49,Fri bil egen betaling,7,"Benzin udland, privat",3,,,,
44550,Overarbejde 1,45,Overarbejde 29.02.24,1,Ekstra timer,1,Overarbejde 1-2 klokketime,1,,,,
1599,Ferieberettiget tillæg F tabel,43,Specialetillæg,1,Taxable Benefit Gross,1,Vagttillæg uge 17,1,,,,
1148,Timeløn regulering t * s,42,"Hjemmevagt tillæg, hverdag",2,"On-call duty, weekday",2,"Hjemmevagt tillæg, hverdag",2,,,,
11373,Overtidstillæg pct. D,41,Aftentillæg,1,Aftentillæg,1,NULL,NULL,,,,
1337,Skiftehold regulering,41,Skiftehold regulering,8,Skiftehold,2,Lønarten vises ikke,1,,,,
1701,Overtidstillæg beløb,40,Overtime Lump Sum,2,Overtidstillæg beløb/3 timer,1,Tillæg ifm merarb.incl. bonus,1,,,,
4775,Ferietillæg lov + OK-grundlag,39,Ferietillæg lov + OK-grundlag,4,Ferietillæg lov + OK-grundlag,1,NULL,NULL,,,,
1771,Skifteholdstillæg beløb,39,Ordered Change of Shifts,2,Skifteholdstillæg beløb,2,Taxable Lodging Allowance,1,,,,
9021,Diæter,38,Diæter,14,Diæter,4,Befordring Skoleophold,1,,,,
49473,Variabelt fradrag 1c,37,SHOP P-køb slik,1,Slikkøb fra receptionen,1,Slikkøb fra receptionen,1,,,,
1123,Timeløn med mindste værdi,37,Timeløn - Nat weekend,1,Shift Leader,1,Shift Leader,1,,,,
1610,Bestyrelseshonorar U/AM,35,Bestyrelseshonorar u/AM,9,Konkurrenceklausul,8,Bestyrelseshonorar,5,,,,
1728,Særlig ordning afholdt,35,Særlig ordning afholdt,3,"S-dag 29/2,1/3-24",1,"S-dag 29/1,12/2-24",1,,,,
6022,AM-pension ...... §53 beløb,35,AM-pension ...... §53 beløb,4,AM-pension ...... §53 beløb,2,"Correction pension, §53A",2,,,,
3730,Senior saldo korrektion,35,Senior saldo korrektion,17,Senior saldo korrektion,5,Rest afsp. ovf. til senior,1,,,,
48733,FRITVALGSUDBETALING 433XX,35,FRITVALGSUDBETALING 433XX,1,NULL,NULL,NULL,NULL,,,,
41140,Timeløn regulering t * s,35,Overtime 200%,2,Overtimer 200%,2,Tillæg aften 17.00-23.00 - Dec,1,,,,
1508,Bonus,34,IT - On Call (DKK 500),2,Bonus,2,IT - On Call (DKK 500),1,,,,
41141,Timeløn regulering t * s,34,Tillæg løntrin 2,1,Tillæg nat 23.00-07.00,1,Tillæg nat 23.00-07.00 - Jan,1,,,,
3417,Aftalefridage i timer udb.,34,Udbetaling af senior fri,2,Anciennitetsdage udbetalt 7,1,Aftalefridage i timer udb.,1,,,,
43332,Forskudt tidstillæg 3,33,Lør 18.00-søn 06.00,1,NULL,NULL,NULL,NULL,,,,
3083,Falck forsikring,32,Falck forsikring,2,"Overnatning feb. 2x31,97",1,Sports Contribution,1,,,,
41144,Timeløn regulering t * s,31,Tillæg weekend 23-07 - Dec,1,Tillæg weekend 23.00-07.00,1,Tillæg weekend 23.00-07.00 Dec,1,,,,
4580,Fritvalg lokal +/-,31,Fritvalg lokal +/-,5,Fritvalg lokal +/-,2,SH 2023 overført,1,,,,
44250,Overarbejde 1,31,OT 1.- 3. time,1,1. - 2. overtime,1,Overtid 1-3 time,1,,,,
6425,Pension PI ..... beløb,31,Pension PI ..... beløb,35,Pension PI ..... beløb,7,"Correction pension, PI",2,,,,
43344,Skifteholdstillæg 5,31,Søn 12.00-Søn 18.00,1,NULL,NULL,NULL,NULL,,,,
4426,Fritvalgskonto udbt. (4416),30,Fritvalgskonto udbt. (4416),11,Fritvalgskonto udbt.,5,Fritvalgskonto udbt. (4416),4,,,,
41101,Timeløn,30,Løntræk ifm. sygdom,1,"Timeløn, ifbm. afholdt ferie",1,Løntræk ifm. sygdom,1,,,,
1145,Timeløn regulering t * s,30,Timeløn regulering t * s,7,30 % timer (Tillæg),2,Teamshift changed duty - 30%,2,,,,
3737,Senior beløb afregning,30,Senior beløb afregning,17,Senior beløb afregning,4,Senior beløb afregning 2024,1,,,,
42105,Personligt tillæg,30,Løntillæg telefon,1,Personligt tillæg overtid,1,Reg. HK Overtid 50%,1,,,,
44523,Personligt tillæg,30,Korrdinatortillæg - Reg,1,Timeløn,1,Korrdinatortillæg,1,,,,
9036,Skattefri udd. godtgørelse,29,Skattefri godtgørelse,2,Skattefri udd. godtgørelse,2,Lejebil,1,,,,
41142,Timeløn regulering t * s,29,Tillæg løntrin 3,1,Tillæg weekend 07.00-17.00,1,Tillæg weekend 07.00-17.00,1,,,,
41143,Timeløn regulering t * s,29,Tillæg weekend 17.00-23.00,1,Tillæg weekend 17.00-23.00,1,Tilsyns tillæg,1,,,,
43353,Overarbejde 4,29,OT hverdagsfri 06-18,1,OT lør/søn T.1,1,NULL,NULL,,,,
40041,Korr. Ferietillæg lov Kal.år,28,Korr. Ferietillæg lov Kal.år,5,NULL,NULL,NULL,NULL,,,,
43400,Timeløn,28,Normal tid,1,NULL,NULL,NULL,NULL,,,,
40081,Korrektion Forskudsferie Timer,27,Korrektion Forskudsferie Timer,3,Korrektion Forskudsferie Timer,1,NULL,NULL,,,,
40050,Nulstil ferietillæg år -2,27,Nulstil ferietillæg år -2,8,Nulstil ferietillæg år -2,1,NULL,NULL,,,,
9661,Forening 21,27,Forening 21,3,STARK PF Padel 13. maj,1,Aarhus Revyen,1,,,,
21351,Genebetaling % MD,27,16.04 Paid Office Day,1,29.04 Paid Office Day,1,25.04 Paid Office Day,1,,,,
4585,Fritvalg lokal udbetaling,26,Fritvalg lokal udbetaling,11,Fritvalg udbetaling,2,SH udbetaling,2,,,,
43354,Overarbejde 5,26,OT før normal 18-06,1,OT hverdagsfri 18-06,1,Søn/hellig,1,,,,
9675,Forening 1 med tabel,26,Egenbetaling Paddle Tennis,1,Egenbetaling Paddle Tennis,1,NULL,NULL,,,,
33847,Afholdte feriefridage/udbetal,26,"Afholdte feriefridage, Funk.",1,"Afholdte feriefridage, Funk.",1,NULL,NULL,,,,
41326,Overarbejde almindelig timeløn,25,Overarbejde almindelig timeløn,1,Overarbejde 100%,1,NULL,NULL,,,,
6429,Pension .... beløb §53,24,Pension .... beløb §53,6,Pension beløb §53,1,"PFA §53A, adjustment 2023",1,,,,
43342,Skifteholdstillæg 3,23,Søndag,1,Søn/Helligdag,1,NULL,NULL,,,,
1076,Timeløn timer * sats,23,Timeløn timer * sats,2,Skole - lærling,1,Nattillæg,1,,,,
1820,Ops. deltimer,23,Overarbejde. til afspadsering,1,Overarbejde. til afspadsering,1,NULL,NULL,,,,
1665,Ferieberettiget tillæg C(1),23,Ferieberettiget tillæg C(1),6,Promotional Incentive,2,Efterløn til efterladte,2,,,,
44031,Forskudt tidstillæg 2,23,Søndag 00-24,1,NULL,NULL,NULL,NULL,,,,
40130,Korr. fratr. Feriep/dage S år,23,Korr. fratr. Feriep/dage S år,11,"Corr. Holiday pay, last year",7,Feriepenge sidste år (dage),1,,,,
14450,SH-opsparing,22,SH-opsparing,25,SH-opsparing,2,NULL,NULL,,,,
1289,Genebetaling % timeløn 1289,21,Forbliv i vagten,1,Forbliv i vagten,1,"Forbliv i vagten, ret tidl løn",1,,,,
1785,Forskudttid Timeløn % 1,21,Overtid 150 %,1,Forskudt tid alle dage 30%,1,Overtid 150 %,1,,,,
21350,Genebetaling % MD,21,22.04 Days Account Payout,1,25.02 Days Account Payout,1,25.04 Days Account Payout,1,,,,
1305,Overtidstillæg regulering,21,Overtidstillæg regulering,27,Glatføre,1,Udb. feriefritmer,1,,,,
40056,Nulstil Ekstra Ferietill.år -1,21,Nulstil Ekstra Ferietill.år -1,5,NULL,NULL,NULL,NULL,,,,
9613,Forening 5,20,Forening 5,3,Badminton klub,2,Badminton Club,2,,,,
11613,Ferieberettiget tillæg 11,20,3:3 Rotation Allow Reg. dec,1,3:3 Rotation Allow nov reg,1,3:3 Rotation Allowance Regulat,1,,,,
4789,Udbetaling Ferietillæg OK-grl,19,Udbetaling Ferietillæg OK-grl,38,Udbetaling Ferietillæg,4,Udbetaling Ferietillæg OK-grl,2,,,,
11611,Ferieberettiget tillæg 10,19,PPS,2,Retention bonus,1,Acting Allowance regulation,1,,,,
40057,Nulstil Ekstra Ferietill.år -2,19,Nulstil Ekstra Ferietill.år -2,2,Nulstil Ekstra Ferietill.år -1,1,NULL,NULL,,,,
3016,Miljøtillæg,18,Miljøtillæg,7,Correction environmental fee,2,"Reguler miljøtillæg, fri bil",2,,,,
11523,Forskudttidstillæg D,18,Rådighedsvagt SH 50% 24-04,1,Evening - WFH,1,Rådighedsvagt SH 50% 24-01,1,,,,
40033,Korr. ekstra ferietillæg (OK),18,Korr. ekstra ferietillæg (OK),7,NULL,NULL,NULL,NULL,,,,
1751,Overarbejde Timeløn+tillæg 2,17,Overarbejde 3-4 t,1,Overtid sats 2,1,Overarbejde 3-4 klokketime,1,,,,
321,Saldokorr.  9416 saldo i.år,17,Saldokorr.  9416 saldo i.år,2,Reg. sundhedskonto,1,Sundhedssaldo,1,,,,
601,Saldokorr. ferietillæg år,17,Saldokorr. ferietillæg år,708,Ferietillæg 2012,8,Ferietillæg 2013,7,,,,
3031,Værdi af ulykkesforsikr.regul.,17,Værdi af ulykkesforsikr.regul.,18,Værdi af ulykkesforsikring,4,Reguler ulykke forsikring,2,,,,
1766,vagttillæg pct 5,17,On-Call Pay (200%),1,On-Call Pay (100%+100%),1,On-Call Gross-up (100%+100%),1,,,,
3833,Feriefridage udb. månedslønn.,16,Feriefridage udb. månedslønn.,30,Feriefridage udb. månedslønn.,5,Feriefridage udbetalt,1,,,,
40400,Indlæs Ferie timer indev. år,16,Indlæs Ferie timer indev. år,6,NULL,NULL,NULL,NULL,,,,
40198,Korrektion 4653 år-2,16,Korrektion 4653 år-2,5,NULL,NULL,NULL,NULL,,,,
43369,Overarbejde pct. J,16,Overtid,1,Salg afspadsering RT,1,Afspadsering udbetalt,1,,,,
40040,Saldo Ferietillæg lov Kal.år,15,Saldo Ferietillæg lov Kal.år,1,NULL,NULL,NULL,NULL,,,,
600,Saldokorr.  feriedage/kr. år,15,Saldokorr.  feriedage/kr. år,583,Saldokorr.  feriedage/kr. år,3,Saldokorr.  feriedage,2,,,,
8221,Regulering AM-bidrag,15,Regulering AM-bidrag,1029,"AM-contribution, adjustment",31,Regulering AM-bidrag,14,,,,
1714,Overtidstillæg pct 6,15,Overtime Extra Pay (130%),2,Tillæg 3,1,Service work hverdage 165%,1,,,,
43037,Forskudt tidstillæg 8,15,Trossetillæg på vagt,1,Trossetillæg på vagt,1,tillæg,1,,,,
11527,Forskudttidstillæg H,15,Manglende varsel 24-04,1,Facility Udkald,1,AkutTlf.-hverdag-140-220tm/md,1,,,,
43121,Møde tillæg,15,Mødetillæg,1,Faglært tillæg,1,NULL,NULL,,,,
3036,Værdi af ulykkesforsikr.regul.,14,Værdi af ulykkesforsikr.regul.,6,Correction health insurance,2,Beskatningsværdi PC/Tabelt jan,2,,,,
9628,Forening 10,14,Forening 10,3,"Fiskeklubben, ekstraordinært",1,"IKAROS, giftblanderkursus",1,,,,
1202,Overenskomst pr. 1/3 - T*(S),14,Overenskomst pr. 1/3 - T*(S),4,Ventepenge,1,Vagttelefon,1,,,,
1754,Overarbejde Timeløn+tillæg 5,13,"Facility vagtordning, overtid",1,"Facility vagtordning, overtid",1,Overarb. søn-hellig før kl. 12,1,,,,
1201,Overenskomst pr. 1/3 - T*S,12,Overenskomst pr. 1/3 - T*S,11,Timeløn,2,Rejsebonus/Flyvninger,1,,,,
3093,"Biltilskud, ej ferieberettiget",12,"Biltilskud, ej ferieberettiget",10,Correction car allow. (No car),2,Reguler biltillæg (No car),2,,,,
3058,Fri telefon,12,Fri telefon,31,Fri telefon,2,Gavekort,2,,,,
41145,Timeløn regulering t * s,12,Akkord/optræk/tillæg1,1,Tillæg SH 07.00-17.00,1,Tillæg SH 07.00-17.00,1,,,,
44551,Overarbejde 2,12,Overarbejde Café 50%,1,Overarbejde 3-4 klokketime,1,Tillæg OA hverdag 17.00-23.00,1,,,,
43038,Forskudt tidstillæg 9,11,Trossetillæg tilkald,1,"Vagtdag, weekend - udk. tek.",1,Trossetillæg tilkald,1,,,,
41147,Timeløn regulering t * s,11,Tillæg SH 23.00-07.00,1,Akkord/optræk/tillæg3,1,Tillæg SH 23.00-07.00,1,,,,
49475,Variabelt fradrag 1e,11,Refurbishment net,1,Refurbishment (normal wear and,1,Own paid dep/pp rent,1,,,,
1667,Ferieberettiget tillæg D(1),11,Ferieberettiget tillæg D(1),4,Tax Recon. Refund Gross,1,Forældreorlov,1,,,,
44251,Overarbejde 2,11,3. - 4. overime,1,Overtime 100%,1,Overarb. 3.+time,1,,,,
3055,Fri telefon,10,Fri telefon,43,Fri telefon regulering,2,Fri telefon januar,2,,,,
41146,Timeløn regulering t * s,10,Tillæg SH 17.00-23.00,1,Akkord/optræk/tillæg2,1,Tillæg SH 17.00-23.00,1,,,,
1806,Fradrag før skat 1b,10,60 % timer (Fradrag),2,Deduct teamshift changed - 60%,2,Bestyrelseshonorar 50%,1,,,,
44552,Overarbejde 3,10,Tillæg OA hverdag 23-07 - Dec,1,Tillæg OA hverdag 23.00-07.00,1,Tillæg OA hverdag 23.00-07.00,1,,,,
33001,Værdi af fri bil,10,Circle K - udland,1,Værdi af fri bil Feb-24,1,Circle K UDLAND,1,,,,
3023,Værdi af gruppeliv regulering,10,Værdi af gruppeliv regulering,7,TBF Gruppeliv 1/7-31/1 24,1,Gruppeliv 1/11-31/1 24,1,,,,
3733,Senior timer afregning,10,Senior timer afregning,5,Senior timer afregning,2,Seniorordning afregning,1,,,,
4755,Antal arbejdsdage NyLov,10,Antal arbejdsdage NyLov,1,Antal arbejdsdage NyLov,1,NULL,NULL,,,,
44275,Sygedagpenge,9,Sygedagpenge 42xx,1,Sygedagepenge 42xx,1,NULL,NULL,,,,
3982,Sygeløn regulering,9,Sygeløn regulering,20,Sygeløn,2,Korrektion sygdom 12/12-14/12,1,,,,
1767,vagttillæg pct 6,9,On-Call Gross-up (100%+130%),1,On-Call Pay (100%+130%),1,On-Call Pay (180%),1,,,,
9890,B-indkomst m/AM-bidrag,9,B-indkomst m/AM-bidrag,2,E.S.P.P. TAXABLE,2,Honorar,1,,,,
21551,Ferieberettiget tillæg 1,9,Utility allowance mid-month,1,Utility allowance okt 23,1,Utility allowance sep 23,1,,,,
43011,Intern nattevagt,9,VAGT U. 10,1,Vagt uge 6,1,Vagt uge 9,1,,,,
43356,Overarbejde 7,9,OT hverdagsfri 6-18,1,NULL,NULL,NULL,NULL,,,,
44240,Skifteholdstillæg 1,8,Aftentillæg 17-06,1,NULL,NULL,NULL,NULL,,,,
43336,Forskudt tidstillæg 7,8,ekstra lørdagstillæg,1,NULL,NULL,NULL,NULL,,,,
1723,Særlig ordning AM/NETTO,7,Særlig ordning AM/NETTO,3,Dusør,1,Særlig opsparing (april),1,,,,
41325,Overarbejde almindelig timeløn,7,Overtidstillæg 100%,1,Overtidstillæg 100%,1,NULL,NULL,,,,
44553,Overarbejde 4,7,Tillæg OA weekend 07.00-17.00,1,Tillæg OA weekend 07.00-17.00,1,Overarbejde Café 100%,1,,,,
1351,Genebetaling % MD,7,Afspadsering udbetalt,1,Course/training,1,Egenbetaling afspadsering,1,,,,
44276,Sygedagpenge,7,Syg m. dagp. 42xx 2+,1,NULL,NULL,NULL,NULL,,,,
4763,"Udbetaling ferietimer, Ultimo",7,"Udbetaling ferietimer, Ultimo",14,"Udbetaling ferietimer, Ultimo",4,Payment of vacation hours,2,,,,
44330,Forskudt tidstillæg 1,7,Nattillæg 00-06,1,Lørdagstillæg 8-24,1,Lørdagstillæg 08-24,1,,,,
41376,Tillæg 6 med sats i tabel,7,Duty weekdays,1,Timeløn,1,Tilkald Erhverv hverdag,1,,,,
44555,Overarbejde 6,7,Tillæg OA weekend 23.00-07.00,1,Tillæg OA weekend 23-07 - Febr,1,Tillæg OA weekend 23.00-07.00,1,,,,
1080,Timeløn timer * sats,6,Timeløn timer * sats,3,Bekræftelse 59386-116,1,Bekræftelse 74701-106,1,,,,
40197,Korrektion 4653 år-1,6,Korrektion 4653 år-1,4,NULL,NULL,NULL,NULL,,,,
41377,Tillæg 7 med sats i tabel,6,Duty weekend,1,Tilkald Erhverv weekend,1,Tilkald Erhverv weekend,1,,,,
3046,Værdi af kritisk sygdom,6,Værdi af kritisk sygdom,2,Personalegode Flybilletter,2,Pers benefit Flight tickets,2,,,,
44545,Skifteholdstillæg 6,6,Night supplement Week 7,1,Night supplement,1,Night supplement Week 10,1,,,,
3069,Ulykkesforsikring,6,Ulykkesforsikring,6,Parkering,1,Brobizz Øresund kr 182 pr. tur,1,,,,
3043,Værdi af fri bil 2,5,Fri bil egenbetaling,2,Værdi af fri bil 2,2,Regulering bil nov-dec,1,,,,
1716,Overtidstillæg pct 7,5,Overtime Extra Pay (180%),2,Overtime Extra Pay (180%),1,Tillæg 4,1,,,,
1396,Overtidstillæg pct. timeløn+,5,Overtidstillæg pct. timeløn+,4,180%,2,Lørdagstillæg u/sygdom,1,,,,
6518,Fritvalgskonto udbetaling,5,Fritvalgskonto udbetaling,1,Børneomsorgsdag,1,Seniorfri,1,,,,
41405,Hensat afspadsering/træk,5,Hensat afspadsering/træk,1,NULL,NULL,NULL,NULL,,,,
43367,Overarbejde pct. H,5,Brandalarm tilk. hverd. F,1,Brannalarm tilk. hverd. F,1,NULL,NULL,,,,
4773,Udb Ferietillæg Lov.grl Kal.år,5,Udb Ferietillæg Lov.grl Kal.år,7,Udb Ferietillæg Lov.grl Kal.år,2,Manuel regulering ferietillæg,1,,,,
21557,Ferieberettiget tillæg 4,5,Gift Certificate gross,1,Gift Certificate gross,1,NULL,NULL,,,,
43488,Bonus,5,Bonus min. lille,1,NULL,NULL,NULL,NULL,,,,
42295,Udbetal feriefritimer,5,Udbetal feriefritimer,2,NULL,NULL,NULL,NULL,,,,
44554,Overarbejde 5,5,Tillæg OA weekend 17-23 Dec,1,Tillæg OA weekend 17.00-23.00,1,Tillæg OA weekend 17.00-23.00,1,,,,
43131,Forskudt tidstillæg 2,5,Nat kl. 22-05,1,FS HV 22-06,1,NULL,NULL,,,,
44583,Udlæg,5,Udlæg attest,1,Udlæg SE tur,1,Udlæg forskud på ferietitimer,1,,,,
43304,Barsel med løn,5,Barsel m. løn DI,1,Barsel m. løn DI reg. uge 02,1,NULL,NULL,,,,
44033,Forskudt tidstillæg 4,5,FS tid kl.18-22,1,NULL,NULL,NULL,NULL,,,,
44232,Forskudt tidstillæg 3,5,Lørdag kl. 15-24,1,NULL,NULL,NULL,NULL,,,,
3310,Omsorgsdage udbetalt,4,Omsorgsdage udbetalt,18,Seniordage udbetalt,1,6. ferieuge udbetalt,1,,,,
3089,"Værdi fri bil, ej ferieberet.",4,"Værdi fri bil, ej ferieberet.",381,Lønarten vises ikke,6,Værdi fri bil - April,1,,,,
3792,Feriefridage nulstil/saldo,4,Feriefridage nulstil/saldo,21,Feriefridage nulstil,1,FF-dage fejl nulstillet 31/12,1,,,,
1077,Timeløn timer * sats,4,Overarbejde lav sats,1,Nattillæg,1,Socialkorpset,1,,,,
44259,Søn- og Helligdag,4,SH 42XX,1,NULL,NULL,NULL,NULL,,,,
43141,Skifteholdstillæg 2,4,Lørdag 14-00,1,NULL,NULL,NULL,NULL,,,,
21553,Ferieberettiget tillæg 2,4,Housing allowance mid-month gr,1,Mobility Premium,1,Housing allowance mid-month,1,,,,
43047,Skifteholdstillæg 8,4,Trossetill. pr. påbegyndt time,1,Trossetill. pr. påbegyndt time,1,NULL,NULL,,,,
44223,Personligt tillæg,4,Reg 42xx sats,1,NULL,NULL,NULL,NULL,,,,
43377,Barn syg,4,Barn syg m. løn DI,1,NULL,NULL,NULL,NULL,,,,
49471,Variabelt fradrag 1a,4,Diverse P-køb,1,Gift certificate net,1,"Social contribu EUR 1.095,04",1,,,,
3731,"Senior saldo, egen korrektion",3,"1,5 Aftalefridage udbetalt",1,Senior saldo tildelt,1,Udb. senior saldo,1,,,,
3241,Personalegode 9 før skat,3,Personalegode 9 før skat,3,Kreditering/tilbageførsell,1,Mobiltelefon,1,,,,
1810,Fradrag før skat 1f,3,Fradrag før skat 1f,1,NULL,NULL,NULL,NULL,,,,
1609,B-indkomst u/AM kun indberet.,3,B-indkomst u/AM kun indberet.,4,Gift w/o AMB (felt 38),2,Tinggave ved 70 årsdag,1,,,,
4070,Udbetaling af feriedage,3,Udbetaling af feriedage,568,Disbursement holidays,39,Udbetaling af feriedage,3,,,,
4290,Udb. ikke overført ferie,3,Udb. ikke overført ferie,82,Udbetaling af feriedage,2,"Afregnet ferie, kontant",2,,,,
4278,Overfør ikke afholdt ferie dg,3,Overfør ikke afholdt ferie dg,10,Overfør ikke afholdt ferie dg,2,Nulstil ikke afholdt ferie,1,,,,
14142,Bruttotimer år/dato,3,Bruttotimer år/dato,66,Bruttotimer år/dato,3,NULL,NULL,,,,
40058,Nulstil Ferietill.år -1 OK.grl,3,Nulstil Ferietill.år -1 OK.grl,1,NULL,NULL,NULL,NULL,,,,
42320,Barn syg,3,Barn syg m. løn HK,1,NULL,NULL,NULL,NULL,,,,
43421,Mødetillæg,3,Aftenholdstillæg,1,NULL,NULL,NULL,NULL,,,,
42422,Udlæg,3,Gaver Medarbejdere,1,Allan Mogensen,1,Udlæg,1,,,,
43142,Skifteholdstillæg 3,3,Søndag,1,NULL,NULL,NULL,NULL,,,,
43156,Overarbejde 7,3,OT søn+hellig til 12,1,NULL,NULL,NULL,NULL,,,,
43440,Skifteholdstillæg 1,3,Skiftehold tillæg,1,NULL,NULL,NULL,NULL,,,,
44504,Barsel med løn,3,Barsel med løn,1,NULL,NULL,NULL,NULL,,,,
3817,Afholdte feriefritimer,2,Afholdte feriefritimer,22,Feriefritimer,3,Feriefri,1,,,,
500,Udbetaling ferietillæg,2,Udbetaling ferietillæg,17,Udbetaling ferietillæg,2,NULL,NULL,,,,
1081,Timeløn timer * sats,2,Timeløn timer * sats,1,SH Udbetaling,1,Timeløn timer * sats,1,,,,
315,Overfører omsorgtim år-1,2,Overfører omsorgtim år-1,51,Overf.  Omsorg fra 2023,1,Overfører omsorgtim år-1,1,,,,
42210,Bonus,2,Bonus,1,St. Bededagskomp. af bonus,1,NULL,NULL,,,,
3948,Særlige timer udbetaling,2,Særlige timer udbetaling,2,6. FU udbetaling,1,NULL,NULL,,,,
4297,Udb. ikke overført ferie,2,Udb. ikke overført ferie,12,Udbetaling af ferietimer,1,Udb. ikke overført ferie,1,,,,
317,Overfører aftalefritim år-1,2,Overfører aftalefritim år-1,60,Regulering timebank,2,Overf.  Flex fra 2022,1,,,,
44030,Forskudt tidstillæg 1,2,Lør 14-22,1,NULL,NULL,NULL,NULL,,,,
4279,Overfør ikke afholdt ferie,2,Overfør ikke afholdt ferie,5,Overfør ikke afholdt ferie,1,NULL,NULL,,,,
9185,Fritvalg lokal udbetaling NET.,2,Fritvalg lokal udbetaling NET.,975,Lønarten vises ikke,6,Fritvalg lokal udbetaling NET.,2,,,,
610,Saldokorr. feriekort år,2,Saldokorr. feriekort år,373,Saldo fra Maxi,2,Saldokorr. feriekort år,2,,,,
44557,Overarbejde 8,2,Tillæg OA SH 17.00-23.00,1,Tillæg OA SH 17.00-23.00,1,NULL,NULL,,,,
4284,Udb. ikke overført ferie,2,Udb. ikke overført ferie,9,Udb. af ikke overført ferie,1,Udb. feriepenge inv.år,1,,,,
40043,Korr. Ferietillæg (OK) Kal.år,2,Korr. Ferietillæg (OK) Kal.år,1,Ferietillæg udbetalt,1,NULL,NULL,,,,
3410,Aftalefridage udbetalt,2,Aftalefridage udbetalt,20,Seniordage udbetalt,3,Seniordage udbetalt,2,,,,
41152,Timeløn regulering t * s,2,Trainees OT rate 1,2,Elever OT rate 1,2,Timeløn regulering t * s,2,,,,
4286,Udb. ikke overført ferie,2,Udb. ikke overført ferie,6,Payment of Vacation,1,Udb. ikke overført ferie,1,,,,
43075,Sygedagpenge,2,Sygedagpenge,1,Sygedagpenge,1,Sygedagpenge reg. april,1,,,,
9619,Forening 7,2,Forening 7,3,Champagne klub,2,Champagne Club,2,,,,
4295,Udb. ikke overført ferie,2,Udb. ikke overført ferie,54,Udb. feriedage ej afholdt,1,Udb. restferie,1,,,,
21555,Ferieberettiget tillæg 3,2,Taxable Benefit gross,1,Anc.tillæg februar 2024,1,Anc.tillæg marts 2024,1,,,,
4412,Feriefri til fritvalgskonto,2,Feriefri til fritvalgskonto,10,Feriefri til fritvalgskonto,2,NULL,NULL,,,,
41153,Timeløn regulering t * s,2,Trainees OT rate 2,2,Elever OT rate 2,2,Elever OT rate 2,1,,,,
8223,Bidrag til obl. socialsik. udl,2,Social contributions,1,Mandatory social security cont,1,Social fees Employee,1,,,,
43083,Udlæg,2,Indbetalt af medarbejder,1,NULL,NULL,NULL,NULL,,,,
8421,AM-bidrag feriepenge reg.,2,AM-bidrag feriepenge reg.,30,AM-bidrag feriepenge,1,Reg.AM-bidr.feriepenge/fratræd,1,,,,
11528,Forskudttidstillæg I,2,Vagttillæg hverdag,1,AkutTlf.-hverdag-over220tm/md,1,Varsel rådighedsvagt,1,,,,
40053,Nulstil Ekst. Ferietill. år -2,2,Nulstil Ekst. Ferietill. år -2,2,Nulstil Ekst.Ferietillæg år -2,1,NULL,NULL,,,,
43155,Overarbejde 6,2,OT søn+hellig fra 12,1,NULL,NULL,NULL,NULL,,,,
44331,Forskudt tidstillæg 2,2,Søgnehelligdagstillæg,1,Søndagstillæg 00-24,1,NULL,NULL,,,,
44558,Overarbejde 9,2,Tillæg OA SH 23.00-07.00,1,Tillæg OA SH 23.00-07.00,1,NULL,NULL,,,,
1811,Fradrag før skat 1g,1,Korr. On-call aug. 22,1,Fradrag før skat 1g,1,NULL,NULL,,,,
1309,Overtidstillæg sats 2,1,Overtidstillæg sats 2,1,NULL,NULL,NULL,NULL,,,,
1,MLE MASTER M5M10800 (V2),1,"2429,68",1,MLE MASTER M5M10800 (V2),1,"1253,78",1,,,,
312,Overfører feriefri år-1 bel.,1,Overfører feriefri år-1 bel.,150,Overfører feriefri år 2017,1,Overfører feriefri år-1 bel.,1,,,,
3097,"Miljøtillæg, ej ferieberet.",1,"Miljøtillæg, ej ferieberet.",384,Lønarten vises ikke,6,"Miljøtillæg, ej ferieberet.",1,,,,
5801,Pensionsudbetaling,1,Pensi.udbetaling af feriepenge,1,Pensions udbetaling,1,Pensionstillæg 10%,1,,,,
1780,Skifteholdstillæg pct 9,1,On-Call Pay (100%+30%),1,On-Call Pay (100%+30%),1,NULL,NULL,,,,
1308,Overtidstillæg sats 1,1,Overtidstillæg sats 1,1,NULL,NULL,NULL,NULL,,,,
8319,AM-grundlag feriepenge,1,AM-grundlag feriepenge,4,AM-grundlag feriepenge,1,NULL,NULL,,,,
21559,Ferieberettiget tillæg 5,1,End of assignment transf cost,1,End of assignment transf cost,1,NULL,NULL,,,,
11529,Forskudttidstillæg J,1,Sygevagt hverdag,1,Akuttelefon - Weekend 140-220,1,AkutTlf.-Weekend-140-220tm/md,1,,,,
1651,Pensionsudbetaling,1,Pensionsudbetaling,3,Efterpension okt-dec 2023,1,Min A-kasse,1,,,,
8351,A-skat feriepenge regulering,1,A-skat feriepenge regulering,98,A-skat feriep. reg. jan.12,1,Reg. A-skat feriepenge,1,,,,
40014,Saldo FE.penge Lukket 31.12.22,1,Saldo FE.penge Lukket 31.12.22,1,Saldo Feriepenge,1,Korrektion Feriepenge,1,,,,
21365,Genebetaling % MD,1,Onshore days,1,Onshore days,1,NULL,NULL,,,,
4275,Nulstil ikke afholdt ferie,1,Nulstil ikke afholdt ferie,150,regulering,1,Nulstil ikke afh. ferie 2014,1,,,,
40011,Saldo Feriedag Lukket 31.12.22,1,rest,1,Saldo Feriedag Lukket 31.12.22,1,Saldo Feriedage,1,,,,
40042,Saldo Ferietillæg (OK) Kal.år,1,Saldo Ferietillæg (OK) Kal.år,1,NULL,NULL,NULL,NULL,,,,
40052,Nulstil Ekst. Ferietill. år -1,1,Nulstil Ekst. Ferietill. år -1,1,NULL,NULL,NULL,NULL,,,,
9123,Udb. efter skat A,1,Personaleomk,1,Udbetal saldo Julens Glæder,1,Udbetal saldo Julens Glæder,1,,,,
40016,Saldo Ferietim-Lukket 31.12.22,1,Saldo Ferietim-Lukket 31.12.22,1,NULL,NULL,NULL,NULL,,,,
43023,Personligt tillæg,1,Personligt tillæg,1,NULL,NULL,NULL,NULL,,,,
41154,Timeløn regulering t * s,1,Elever OT rate 3,2,Trainees OT rate 3,2,Elever OT rate 3,1,,,,
11524,Forskudttidstillæg E,1,Vagtdag weekend - udk. tek,1,Night shift,1,Tillæg for staldarbejde søn-og,1,,,,
42330,Barsel med løn,1,Barsel med løn,1,NULL,NULL,NULL,NULL,,,,
43200,Timeløn,1,Sygedagpenge 16-22/01-2024,1,NULL,NULL,NULL,NULL,,,,
43423,Personligt tillæg,1,K1-tillæg,1,Mgl. varsel,1,NULL,NULL,,,,
33047,Miljøtillæg 2,1,Miljøtillæg - reg. af mar,1,NULL,NULL,NULL,NULL,,,,
43450,Overarbejde 1,1,Overtid 1-2 time,1,NULL,NULL,NULL,NULL,,,,
43895,Feriefridage,1,Feriefridage udbetalt,1,NULL,NULL,NULL,NULL,,,,
43451,Overarbejde 2,1,Overtid 3+,1,NULL,NULL,NULL,NULL,,,,
43154,Overarbejde 5,1,OT hverdagsfri 6-18,1,NULL,NULL,NULL,NULL,,,,
44081,Regulering timeløn,1,Regl. vedr. feriepengediff.,1,Regl. vedr. feriepengediff.,1,NULL,NULL,,,,
44032,Forskudt tidstillæg 3,1,OT alle timer,1,NULL,NULL,NULL,NULL,,,,
44512,Intern Weekendvagt,1,Lørdagstillæg/weekendtillæg,1,NULL,NULL,NULL,NULL,,,,
43309,Time løn Regulering,1,Reg DI Weekend,1,NULL,NULL,NULL,NULL,,,,
44513,Sygeløn,1,Sygeløn,1,NULL,NULL,NULL,NULL,,,,
44575,Sygedagpenge,1,Sygdom m/ dagpenge u. 2+3,1,NULL,NULL,NULL,NULL,,,,
44522,Tructillæg,1,Mgl. Trucktillæg sidste period,1,NULL,NULL,NULL,NULL,,,,
44588,Bonus,1,Bonus 2023,1,NULL,NULL,NULL,NULL,,,,
44556,Overarbejde 7,1,Tillæg OA SH 07.00-17.00,1,Tillæg OA SH 07.00-17.00,1,NULL,NULL,,,,